date,location,rainfall_24h_mm,rainfall_72h_mm,humidity_pct,temperature_c,wind_speed_ms,pressure_hpa,soil_moisture_pct,river_water_level_m,drainage_capacity_index,flood_occurred,risk_level,risk_score
2018-06-02,Navi Mumbai,173.6,377.4,91.2,23.7,10.5,997.6,92.7,6.88,0.57,1,Critical,80.2
2018-06-03,Ratnagiri,20.5,52.7,81.8,27.2,5.6,1003.5,60.8,3.05,0.57,0,Moderate,30.3
2018-06-04,Navi Mumbai,61.0,162.1,89.9,24.2,10.9,1002.4,74.4,4.12,0.62,0,Moderate,44.0
2018-06-05,Mumbai,17.9,65.3,80.7,25.6,6.7,1008.1,61.2,3.28,0.5,0,Low,26.8
2018-06-06,Ratnagiri,103.3,225.3,93.4,28.0,10.8,1003.6,84.9,4.16,0.53,0,Moderate,54.2
2018-06-07,Chennai,64.9,191.2,87.6,25.3,10.3,1003.9,73.0,5.78,0.32,0,Moderate,52.1
2018-06-08,Raigad,115.4,349.6,95.7,26.3,16.9,1000.0,84.7,6.32,0.47,1,High,66.9
2018-06-10,Chennai,16.9,49.3,79.2,28.6,7.5,1005.8,57.4,3.57,0.45,0,Moderate,31.7
2018-06-12,Ratnagiri,38.1,77.9,81.8,27.1,4.1,1009.8,57.2,2.55,0.62,0,Low,24.8
2018-06-13,Chennai,78.0,210.6,86.5,25.8,12.0,1000.7,85.0,5.45,0.45,1,Moderate,56.4
2018-06-14,Raigad,179.3,325.4,97.1,25.4,17.3,999.1,93.0,6.23,0.55,1,High,77.9
2018-06-15,Chennai,73.5,198.9,92.6,24.0,10.1,999.0,73.7,4.61,0.38,0,Moderate,52.3
2018-06-16,Kochi (Kerala),156.5,374.9,92.9,27.4,18.7,999.3,86.5,6.64,0.64,1,High,73.5
2018-06-18,Ratnagiri,220.0,641.2,97.0,22.2,18.6,990.3,93.1,9.31,0.55,1,Critical,92.4
2018-06-19,Ratnagiri,63.1,181.4,87.7,26.8,11.1,1005.1,79.5,4.16,0.66,0,Moderate,45.0
2018-06-21,Guwahati (Assam),20.6,42.2,82.7,28.4,4.1,1002.1,67.9,2.76,0.4,0,Moderate,32.8
2018-06-22,Kochi (Kerala),189.9,329.2,92.7,23.5,18.3,1003.0,92.8,6.09,0.6,1,High,79.3
2018-06-23,Navi Mumbai,80.5,182.9,86.4,24.4,13.2,1003.7,76.7,4.63,0.58,0,Moderate,51.6
2018-06-24,Ratnagiri,98.8,221.2,90.4,24.4,7.3,1003.8,84.6,5.09,0.63,1,Moderate,56.9
2018-06-26,Ratnagiri,396.8,831.9,95.3,25.2,18.1,995.4,96.9,10.64,0.54,1,Critical,89.1
2018-06-27,Mumbai,235.3,576.6,95.6,23.1,27.6,998.2,94.9,10.8,0.49,1,Critical,92.0
2018-06-29,Kochi (Kerala),30.1,73.2,81.4,26.0,8.0,1003.3,73.8,3.93,0.68,0,Moderate,37.0
2018-07-01,Ratnagiri,15.5,72.6,80.6,29.8,9.3,1007.8,72.1,2.94,0.59,0,Moderate,32.4
2018-07-03,Guwahati (Assam),295.6,571.5,97.3,26.2,24.0,987.6,96.6,11.16,0.33,1,Critical,96.0
2018-07-04,Guwahati (Assam),41.3,90.9,84.1,28.5,6.0,1003.1,60.9,3.71,0.35,0,Moderate,38.4
2018-07-06,Ratnagiri,188.1,379.7,94.0,26.6,15.8,1001.1,92.9,6.28,0.61,1,Critical,81.4
2018-07-08,Chennai,81.8,144.7,88.7,26.4,8.3,1002.3,80.3,4.05,0.36,0,Moderate,49.3
2018-07-10,Thane,30.7,81.5,77.8,28.1,4.5,1006.1,65.8,3.46,0.46,0,Moderate,32.8
2018-07-11,Mumbai,38.9,69.7,80.7,25.4,4.1,1006.5,74.3,3.75,0.35,0,Moderate,37.1
2018-07-13,Thane,59.5,132.0,86.5,26.5,11.7,999.5,85.4,5.33,0.56,0,Moderate,53.1
2018-07-15,Chennai,73.1,152.9,87.6,27.4,6.1,1005.9,73.6,4.08,0.51,0,Moderate,45.2
2018-07-17,Guwahati (Assam),236.4,618.6,96.8,22.8,20.6,997.2,96.8,7.67,0.44,1,Critical,87.4
2018-07-18,Mumbai,155.3,395.2,95.3,23.7,10.6,993.4,90.4,5.56,0.52,1,High,79.5
2018-07-20,Raigad,32.3,67.8,83.4,27.3,7.0,1005.6,74.2,3.86,0.51,0,Moderate,38.1
2018-07-21,Chennai,53.9,139.4,92.4,24.1,12.5,1001.3,75.9,4.21,0.41,0,Moderate,48.7
2018-07-22,Raigad,98.3,217.1,92.0,25.3,7.4,1005.1,85.9,4.74,0.57,1,Moderate,57.1
2018-07-23,Raigad,25.2,82.4,86.2,27.1,8.1,1004.5,70.1,2.65,0.56,0,Moderate,32.6
2018-07-24,Thane,95.5,181.1,93.0,25.8,6.1,1003.9,85.3,5.03,0.53,0,Moderate,55.5
2018-07-26,Navi Mumbai,289.2,617.7,98.0,25.4,25.3,999.0,97.9,7.84,0.51,1,Critical,88.2
2018-07-27,Raigad,31.5,69.2,86.5,26.8,4.6,1007.0,67.4,2.65,0.5,0,Moderate,30.7
2018-07-28,Navi Mumbai,120.8,355.9,95.6,23.4,10.8,996.4,93.9,6.36,0.56,1,High,76.0
2018-07-29,Thane,190.8,448.8,96.0,24.7,10.8,999.0,88.2,7.58,0.46,1,Critical,88.7
2018-07-31,Thane,50.6,148.1,84.6,24.5,6.9,1000.2,81.1,5.34,0.48,0,Moderate,51.1
2018-08-01,Chennai,311.2,625.5,99.2,23.0,27.5,991.9,92.6,9.55,0.4,1,Critical,92.7
2018-08-03,Ratnagiri,84.6,200.3,88.5,26.8,10.7,1004.4,84.6,4.08,0.6,0,Moderate,51.2
2018-08-05,Kochi (Kerala),377.4,688.9,95.1,24.1,19.6,988.1,99.3,11.15,0.7,1,Critical,92.9
2018-08-06,Guwahati (Assam),24.3,76.9,83.9,25.8,9.0,1010.7,71.5,3.92,0.37,0,Moderate,36.6
2018-08-08,Navi Mumbai,27.5,84.8,86.3,25.2,4.1,1008.9,74.7,2.73,0.62,0,Moderate,31.0
2018-08-09,Ratnagiri,44.1,97.8,85.9,27.3,6.3,1009.4,60.5,2.58,0.51,0,Moderate,32.0
2018-08-10,Mumbai,45.0,104.9,82.2,28.8,9.2,1004.9,64.0,2.69,0.47,0,Moderate,36.3
2018-08-12,Mumbai,21.9,68.8,83.0,26.8,4.6,1007.3,68.4,3.28,0.46,0,Moderate,32.8
2018-08-14,Ratnagiri,183.2,380.5,94.5,26.9,13.6,1000.1,91.0,5.99,0.68,1,Critical,80.8
2018-08-15,Ratnagiri,146.4,327.6,97.2,24.6,14.6,992.4,91.8,6.41,0.65,0,High,78.2
2018-08-16,Guwahati (Assam),191.0,331.6,97.4,25.2,12.3,999.2,88.9,6.26,0.37,1,Critical,80.9
2018-08-17,Chennai,17.3,42.5,76.7,25.8,4.8,1007.7,67.8,2.77,0.33,0,Moderate,31.9
2018-08-19,Chennai,76.1,189.5,85.7,24.9,6.3,1001.5,74.5,4.16,0.39,0,Moderate,49.1
2018-08-20,Guwahati (Assam),131.5,302.5,94.0,26.1,10.4,994.7,92.0,6.94,0.34,0,High,78.6
2018-08-21,Navi Mumbai,91.2,166.0,86.1,25.7,9.9,998.8,78.5,5.35,0.52,1,Moderate,58.2
2018-08-22,Navi Mumbai,30.4,71.7,76.4,27.2,6.9,1006.8,59.8,2.9,0.58,0,Low,28.9
2018-08-23,Guwahati (Assam),67.7,144.6,87.3,24.5,13.1,1007.7,83.0,4.9,0.35,0,Moderate,51.7
2018-08-25,Raigad,32.6,82.4,80.6,25.6,5.6,1003.8,62.3,3.47,0.5,0,Moderate,30.4
2018-08-27,Navi Mumbai,193.9,398.7,91.9,23.5,11.4,995.9,85.9,6.16,0.6,1,Critical,80.6
2018-08-28,Navi Mumbai,147.8,405.3,90.9,24.8,18.7,995.3,92.7,7.38,0.55,1,High,79.9
2018-08-29,Mumbai,390.5,917.2,97.3,24.6,18.6,988.5,94.4,9.07,0.42,1,Critical,95.3
2018-08-30,Ratnagiri,56.3,165.1,86.9,26.6,7.2,1003.1,78.7,4.96,0.52,0,Moderate,48.2
2018-08-31,Guwahati (Assam),246.3,487.2,99.9,23.5,25.5,994.2,97.7,9.7,0.33,1,Critical,91.5
2018-09-01,Mumbai,69.2,203.6,92.3,28.3,7.0,1000.8,82.2,5.69,0.33,0,Moderate,58.3
2018-09-03,Chennai,437.3,703.4,98.8,22.9,17.1,992.5,97.0,9.44,0.48,1,Critical,91.8
2018-09-05,Guwahati (Assam),71.6,196.9,88.4,25.7,9.7,1002.1,76.2,5.35,0.39,0,Moderate,50.6
2018-09-06,Guwahati (Assam),42.0,77.4,82.1,29.5,7.4,1002.3,57.8,3.69,0.35,0,Moderate,39.1
2018-09-07,Ratnagiri,99.2,222.3,85.5,25.4,8.0,1009.4,82.4,4.06,0.63,0,Moderate,54.0
2018-09-08,Kochi (Kerala),41.3,75.0,85.7,25.6,8.7,1005.3,70.9,2.72,0.67,0,Moderate,31.3
2018-09-09,Guwahati (Assam),36.6,82.2,84.0,27.7,5.4,1003.7,61.9,2.77,0.39,0,Moderate,34.5
2018-09-10,Navi Mumbai,27.0,65.5,87.3,25.8,7.2,1012.1,55.4,3.81,0.59,0,Low,28.4
2018-09-11,Navi Mumbai,88.3,222.1,91.1,24.7,10.6,1005.0,80.5,4.76,0.56,0,Moderate,54.0
2018-09-12,Ratnagiri,189.0,372.1,90.9,27.4,17.6,998.2,89.9,6.42,0.61,1,Critical,82.8
2018-09-14,Chennai,426.8,648.3,96.0,23.8,22.0,989.4,98.9,8.78,0.39,1,Critical,97.7
2018-09-16,Ratnagiri,28.6,57.6,80.9,25.7,5.0,999.3,73.3,3.04,0.56,0,Moderate,35.6
2018-09-17,Chennai,116.0,328.9,91.4,27.3,11.3,1001.6,88.1,5.7,0.49,1,High,67.4
2018-09-18,Kochi (Kerala),32.9,55.6,84.7,26.0,8.9,1004.6,55.7,3.21,0.66,0,Low,28.1
2018-09-19,Navi Mumbai,92.7,189.0,89.2,26.0,9.2,1003.3,79.8,4.28,0.51,0,Moderate,53.2
2018-09-21,Thane,465.5,808.7,95.6,24.9,20.3,994.6,92.2,8.32,0.47,1,Critical,93.1
2018-09-23,Ratnagiri,15.6,39.8,85.4,25.9,7.6,1003.2,59.8,2.65,0.64,0,Low,28.5
2018-09-25,Guwahati (Assam),183.5,419.7,93.2,26.0,11.8,999.9,84.1,5.7,0.3,0,High,79.6
2018-09-27,Mumbai,323.8,838.4,98.9,23.5,18.4,986.2,94.8,9.68,0.47,1,Critical,95.5
2018-09-28,Navi Mumbai,27.3,69.4,80.7,26.5,9.2,1004.6,72.4,3.23,0.48,0,Moderate,35.7
2018-09-29,Navi Mumbai,27.8,48.7,78.5,27.7,7.5,1006.4,60.2,2.71,0.56,0,Low,25.6
2018-10-01,Ratnagiri,0.5,0.5,65.2,29.1,3.8,1013.3,32.6,1.91,0.61,0,Low,8.6
2018-10-03,Raigad,1.4,3.6,40.8,36.2,3.2,1014.5,25.3,1.38,0.51,0,Low,10.0
2018-10-04,Mumbai,1.4,2.0,47.8,30.6,2.9,1010.5,30.3,1.31,0.46,0,Low,14.5
2018-10-05,Raigad,2.0,2.5,36.0,30.4,3.9,1012.9,16.4,1.34,0.52,0,Low,7.1
2018-10-07,Thane,2.2,2.4,37.5,34.6,3.5,1011.2,21.7,1.89,0.53,0,Low,16.1
2018-10-09,Guwahati (Assam),0.5,2.3,46.9,28.8,5.2,1014.4,18.7,2.12,0.38,0,Low,11.4
2018-10-10,Navi Mumbai,23.5,41.6,76.0,30.8,6.3,1011.1,43.5,2.49,0.54,0,Low,21.8
2018-10-11,Thane,0.3,2.0,65.2,28.3,4.3,1012.9,23.0,2.07,0.5,0,Low,15.9
2018-10-13,Thane,2.8,3.6,62.4,28.3,3.9,1011.6,17.1,1.68,0.48,0,Low,13.0
2018-10-15,Raigad,11.6,21.3,73.1,30.7,4.6,1006.8,51.8,3.04,0.56,0,Low,20.7
2018-10-17,Mumbai,0.0,4.1,35.7,35.9,3.6,1011.5,28.0,1.57,0.48,0,Low,14.6
2018-10-18,Ratnagiri,0.8,3.5,42.9,29.0,2.9,1015.4,22.8,1.0,0.58,0,Low,5.2
2018-10-19,Chennai,393.5,685.5,99.7,25.5,16.2,994.7,99.1,9.23,0.34,1,Critical,93.4
2018-10-20,Ratnagiri,34.8,43.3,79.1,29.9,6.0,1010.0,49.3,2.12,0.54,0,Low,22.4
2018-10-22,Thane,0.3,3.3,46.6,28.5,5.4,1015.3,33.8,0.76,0.45,0,Low,8.7
2018-10-24,Kochi (Kerala),0.4,1.9,54.6,33.2,1.9,1013.8,38.7,0.95,0.62,0,Low,10.1
2018-10-26,Ratnagiri,1.2,1.4,48.5,31.4,2.5,1012.4,17.2,0.87,0.65,0,Low,12.2
2018-10-28,Navi Mumbai,31.3,43.7,72.2,29.6,7.1,1009.6,45.7,2.75,0.52,0,Low,20.4
2018-10-29,Guwahati (Assam),3.2,6.4,56.7,35.7,5.0,1014.1,33.8,1.66,0.37,0,Low,14.9
2018-10-31,Guwahati (Assam),0.3,4.6,63.8,28.3,4.8,1013.8,18.5,1.07,0.42,0,Low,10.5
2018-11-01,Ratnagiri,2.6,6.2,51.7,28.1,2.6,1012.9,32.1,0.94,0.62,0,Low,9.5
2018-11-03,Ratnagiri,2.3,2.5,60.1,32.9,5.4,1016.8,24.2,1.58,0.63,0,Low,11.4
2018-11-05,Navi Mumbai,0.1,0.8,58.4,28.6,3.8,1014.9,16.2,1.98,0.57,0,Low,9.2
2018-11-07,Chennai,414.7,642.8,94.1,23.5,21.4,992.4,97.8,10.03,0.37,1,Critical,90.4
2018-11-09,Navi Mumbai,8.8,9.9,49.9,29.5,4.7,1010.5,17.2,1.66,0.53,0,Low,15.3
2018-11-10,Raigad,4.5,4.8,49.3,36.5,3.2,1014.2,32.2,1.18,0.44,0,Low,13.6
2018-11-12,Chennai,133.4,283.2,90.2,25.9,13.3,997.7,93.7,5.93,0.39,1,High,74.6
2018-11-14,Navi Mumbai,29.3,47.0,76.4,29.8,3.7,1010.1,38.7,3.09,0.57,0,Low,25.0
2018-11-16,Ratnagiri,1.0,1.2,39.1,34.2,3.2,1012.4,16.7,1.49,0.62,0,Low,7.1
2018-11-17,Chennai,67.1,163.5,84.1,24.3,9.1,1001.2,78.7,5.08,0.44,0,Moderate,53.6
2018-11-19,Ratnagiri,3.0,6.0,36.3,32.3,1.9,1012.5,31.7,1.69,0.55,0,Low,9.1
2018-11-21,Kochi (Kerala),0.6,2.1,37.9,31.2,1.6,1012.6,17.1,1.17,0.64,0,Low,9.2
2018-11-23,Navi Mumbai,1.8,5.0,41.6,29.5,1.9,1015.3,15.9,2.09,0.5,0,Low,14.6
2018-11-25,Chennai,89.0,218.7,91.1,27.6,8.7,1001.2,83.4,4.14,0.4,1,Moderate,56.1
2018-11-26,Thane,2.5,3.7,56.2,32.7,4.4,1011.2,38.5,0.87,0.53,0,Low,10.0
2018-11-27,Chennai,167.7,357.4,94.4,26.2,12.1,996.2,94.0,7.74,0.43,1,Critical,82.2
2018-11-29,Raigad,1.7,1.8,36.0,30.3,3.4,1013.3,35.1,1.22,0.53,0,Low,11.1
2018-12-01,Mumbai,6.6,6.7,63.6,33.2,3.3,1009.6,34.6,1.33,0.39,0,Low,11.9
2018-12-03,Chennai,82.6,215.6,86.1,26.8,11.1,1001.2,82.0,5.64,0.37,0,Moderate,59.2
2018-12-05,Ratnagiri,5.3,5.7,63.2,32.4,2.5,1011.2,38.5,1.26,0.57,0,Low,7.8
2018-12-06,Thane,1.3,1.7,47.9,36.7,2.5,1009.9,35.9,0.72,0.49,0,Low,13.2
2018-12-07,Kochi (Kerala),0.4,0.6,40.6,32.7,2.8,1013.5,37.4,1.23,0.65,0,Low,10.0
2018-12-09,Ratnagiri,1.8,2.2,40.5,28.3,4.4,1011.9,37.8,1.87,0.53,0,Low,16.4
2018-12-10,Ratnagiri,0.3,0.5,43.9,28.5,3.6,1013.0,40.3,0.57,0.65,0,Low,7.1
2018-12-12,Ratnagiri,4.1,4.9,51.7,28.4,2.1,1014.3,27.3,1.38,0.55,0,Low,11.9
2018-12-14,Navi Mumbai,0.2,0.3,45.2,34.3,2.3,1012.2,33.2,2.15,0.65,0,Low,12.1
2018-12-16,Ratnagiri,0.9,5.0,40.8,34.2,4.9,1012.8,28.4,1.55,0.57,0,Low,11.4
2018-12-17,Ratnagiri,0.0,5.3,57.8,34.1,2.4,1014.6,32.8,1.17,0.61,0,Low,8.4
2018-12-18,Mumbai,1.6,16.5,36.6,36.8,3.1,1013.1,30.3,1.76,0.46,0,Low,13.4
2018-12-19,Ratnagiri,0.6,2.8,61.7,34.9,4.7,1014.4,26.8,1.89,0.59,0,Low,12.3
2018-12-20,Guwahati (Assam),0.0,0.8,47.1,31.6,4.3,1010.5,21.4,1.13,0.3,0,Low,9.0
2018-12-22,Navi Mumbai,1.4,2.6,47.5,35.8,3.6,1014.5,27.9,0.54,0.63,0,Low,5.4
2018-12-24,Guwahati (Assam),20.0,33.7,73.0,29.6,6.8,1010.5,59.0,1.83,0.27,0,Low,26.8
2018-12-26,Guwahati (Assam),0.4,5.6,37.0,36.4,2.9,1013.1,17.7,1.33,0.39,0,Low,9.9
2018-12-27,Guwahati (Assam),0.6,3.8,52.8,30.8,3.9,1010.5,26.2,0.71,0.3,0,Low,14.6
2018-12-29,Guwahati (Assam),0.3,1.8,58.4,29.0,3.8,1010.6,21.9,2.14,0.38,0,Low,18.4
2018-12-31,Ratnagiri,1.2,1.3,55.9,36.6,3.9,1012.6,21.2,0.86,0.6,0,Low,9.5
2019-01-01,Guwahati (Assam),2.7,7.3,46.7,30.1,4.6,1016.0,22.4,1.9,0.28,0,Low,18.5
2019-01-03,Navi Mumbai,0.2,2.2,49.9,33.3,2.2,1013.8,20.9,0.66,0.51,0,Low,10.0
2019-01-05,Kochi (Kerala),25.2,38.4,68.5,28.3,6.0,1008.6,48.9,3.18,0.65,0,Low,24.4
2019-01-06,Navi Mumbai,0.8,1.9,58.7,34.2,5.5,1013.6,22.4,0.64,0.51,0,Low,12.9
2019-01-07,Chennai,0.4,1.3,37.3,32.7,1.8,1010.5,36.6,0.9,0.37,0,Low,13.7
2019-01-09,Navi Mumbai,1.6,3.1,45.7,31.0,4.2,1015.8,27.6,0.6,0.56,0,Low,9.3
2019-01-11,Guwahati (Assam),0.3,2.6,41.6,32.8,1.9,1012.7,27.2,1.79,0.38,0,Low,15.7
2019-01-13,Chennai,29.9,48.8,68.5,28.4,3.8,1012.0,49.5,2.67,0.34,0,Low,25.4
2019-01-15,Mumbai,0.2,3.7,60.8,34.4,1.6,1011.9,23.2,0.95,0.46,0,Low,10.1
2019-01-17,Kochi (Kerala),4.1,5.7,45.1,31.6,3.3,1013.3,39.8,1.34,0.64,0,Low,14.9
2019-01-18,Chennai,0.7,4.9,63.6,35.3,4.7,1012.3,23.2,0.64,0.4,0,Low,9.1
2019-01-20,Raigad,1.8,2.6,67.2,33.8,4.8,1012.4,31.4,1.8,0.48,0,Low,15.4
2019-01-22,Chennai,0.8,1.1,47.1,28.6,1.6,1009.9,18.6,2.14,0.4,0,Low,16.2
2019-01-23,Chennai,0.8,1.5,51.7,32.0,1.9,1010.1,31.7,1.61,0.4,0,Low,15.2
2019-01-24,Thane,11.5,31.4,65.9,30.2,7.9,1012.7,43.3,2.0,0.47,0,Low,16.5
2019-01-25,Mumbai,0.2,2.6,37.1,32.6,5.5,1013.4,23.3,1.56,0.41,0,Low,14.2
2019-01-27,Thane,0.2,4.6,49.8,29.8,3.0,1014.4,26.2,1.91,0.35,0,Low,15.7
2019-01-29,Raigad,0.0,1.1,50.9,28.2,2.5,1011.4,29.5,0.87,0.54,0,Low,10.9
2019-01-31,Guwahati (Assam),0.2,1.8,50.0,35.6,1.9,1013.7,28.2,0.76,0.35,0,Low,13.3
2019-02-02,Chennai,1.0,1.9,48.0,32.1,4.6,1011.2,33.6,1.24,0.36,0,Low,15.0
2019-02-04,Chennai,0.1,4.7,50.2,33.7,4.1,1011.5,39.2,1.58,0.43,0,Low,11.8
2019-02-05,Guwahati (Assam),1.1,1.4,59.3,32.6,4.2,1011.8,16.9,0.52,0.36,0,Low,11.8
2019-02-07,Mumbai,0.6,3.6,56.8,29.7,2.2,1010.6,17.7,1.62,0.38,0,Low,12.8
2019-02-08,Navi Mumbai,0.0,0.2,66.9,30.7,4.6,1009.7,20.6,0.71,0.59,0,Low,13.7
2019-02-09,Ratnagiri,1.5,3.0,36.4,36.7,4.7,1013.6,22.9,2.17,0.67,0,Low,13.8
2019-02-10,Thane,2.1,5.4,56.7,29.2,2.9,1010.4,26.9,1.54,0.57,0,Low,8.7
2019-02-11,Navi Mumbai,3.3,5.4,44.4,35.3,4.9,1011.9,37.9,2.06,0.54,0,Low,14.8
2019-02-13,Raigad,0.9,4.6,59.0,35.0,4.1,1012.9,41.6,2.09,0.46,0,Low,11.8
2019-02-14,Navi Mumbai,30.4,38.6,72.6,31.0,6.7,1007.4,49.9,2.63,0.57,0,Low,20.8
2019-02-15,Navi Mumbai,24.1,39.4,78.1,29.8,6.8,1008.7,38.2,2.15,0.55,0,Low,17.6
2019-02-17,Chennai,30.0,38.1,73.3,30.4,6.1,1006.9,42.1,2.3,0.39,0,Low,24.3
2019-02-18,Ratnagiri,0.0,2.9,36.2,34.7,2.3,1012.3,23.8,0.75,0.67,0,Low,8.3
2019-02-19,Ratnagiri,8.4,9.3,49.8,34.5,5.0,1011.8,31.0,1.17,0.64,0,Low,14.4
2019-02-20,Raigad,0.0,1.9,46.7,35.1,1.9,1011.4,32.3,0.61,0.46,0,Low,15.2
2019-02-22,Mumbai,1.2,3.1,57.3,35.2,2.6,1016.5,37.3,1.35,0.53,0,Low,13.4
2019-02-23,Kochi (Kerala),1.8,4.9,52.1,32.0,2.1,1011.1,17.4,0.88,0.62,0,Low,6.1
2019-02-24,Kochi (Kerala),9.6,15.0,56.2,31.8,4.0,1013.8,36.2,0.7,0.73,0,Low,11.3
2019-02-25,Guwahati (Assam),0.7,2.4,54.4,29.7,2.9,1012.8,23.1,2.1,0.33,0,Low,11.5
2019-02-27,Kochi (Kerala),3.1,6.8,41.1,35.2,3.3,1009.3,28.0,0.73,0.63,0,Low,10.2
2019-02-28,Chennai,1.0,2.1,59.1,34.9,2.1,1010.5,35.3,1.62,0.38,0,Low,15.1
2019-03-02,Raigad,0.5,1.1,64.9,30.2,2.6,1012.1,35.5,1.26,0.49,0,Low,11.0
2019-03-04,Raigad,11.6,30.2,67.1,29.2,5.1,1010.8,38.5,2.73,0.5,0,Low,18.2
2019-03-06,Navi Mumbai,33.4,39.2,71.3,27.6,6.7,1010.3,59.6,2.16,0.55,0,Low,23.0
2019-03-08,Ratnagiri,1.2,2.4,67.1,33.5,2.9,1011.0,38.0,1.45,0.63,0,Low,10.2
2019-03-10,Chennai,3.0,5.6,37.2,34.4,3.7,1012.6,17.2,1.28,0.35,0,Low,9.9
2019-03-11,Kochi (Kerala),4.4,8.2,57.1,32.2,3.1,1013.7,16.7,1.37,0.65,0,Low,14.8
2019-03-13,Kochi (Kerala),0.1,3.2,41.6,30.3,2.2,1015.2,23.9,1.79,0.64,0,Low,7.4
2019-03-14,Raigad,3.2,7.4,63.7,30.1,3.3,1014.3,29.5,1.35,0.5,0,Low,12.1
2019-03-15,Ratnagiri,2.6,3.6,60.6,36.7,2.3,1011.0,29.1,0.99,0.61,0,Low,11.5
2019-03-17,Chennai,1.5,4.7,48.1,36.2,3.6,1013.5,36.4,1.04,0.47,0,Low,9.0
2019-03-19,Ratnagiri,0.3,4.8,56.6,29.4,3.3,1011.7,31.6,0.64,0.58,0,Low,9.9
2019-03-21,Guwahati (Assam),1.1,7.9,48.8,36.9,4.2,1010.4,38.8,1.23,0.36,0,Low,14.3
2019-03-23,Navi Mumbai,1.9,6.3,37.6,34.6,2.2,1017.7,38.2,1.89,0.61,0,Low,14.6
2019-03-25,Ratnagiri,0.6,1.9,62.1,32.1,2.9,1015.1,24.1,0.8,0.62,0,Low,9.0
2019-03-27,Kochi (Kerala),0.2,0.7,39.7,31.1,3.3,1013.6,35.2,1.61,0.69,0,Low,6.1
2019-03-29,Kochi (Kerala),31.0,43.1,79.7,29.8,3.6,1006.1,53.1,1.9,0.71,0,Low,25.6
2019-03-31,Kochi (Kerala),0.4,4.0,44.2,33.8,4.3,1012.0,28.8,1.02,0.66,0,Low,10.9
2019-04-02,Raigad,4.2,8.3,60.3,35.1,4.2,1013.3,33.1,1.45,0.43,0,Low,12.7
2019-04-03,Navi Mumbai,0.9,4.9,53.0,31.4,5.4,1010.6,18.0,1.22,0.54,0,Low,11.2
2019-04-04,Thane,2.9,3.6,65.1,34.8,4.7,1010.6,37.4,0.98,0.5,0,Low,14.4
2019-04-06,Guwahati (Assam),0.2,0.8,35.4,32.2,2.7,1016.2,31.2,1.01,0.37,0,Low,12.8
2019-04-07,Raigad,0.1,4.8,63.1,34.0,3.9,1012.3,36.5,0.56,0.46,0,Low,10.2
2019-04-08,Raigad,0.1,3.7,54.8,29.0,1.9,1014.8,39.6,1.64,0.5,0,Low,13.3
2019-04-09,Raigad,0.8,1.6,49.3,35.0,3.9,1012.2,31.4,1.57,0.63,0,Low,12.6
2019-04-11,Thane,0.4,1.8,38.4,31.5,3.5,1014.0,32.6,2.12,0.56,0,Low,14.7
2019-04-13,Mumbai,1.1,3.1,37.3,30.3,2.9,1011.3,18.8,0.97,0.48,0,Low,10.4
2019-04-15,Thane,1.4,2.1,41.8,32.6,1.5,1012.3,15.2,0.87,0.41,0,Low,13.0
2019-04-17,Mumbai,1.3,2.7,44.7,36.4,3.1,1012.9,18.1,1.09,0.42,0,Low,9.7
2019-04-19,Guwahati (Assam),1.0,3.4,67.8,29.2,2.6,1012.5,25.7,1.22,0.4,0,Low,14.7
2019-04-21,Mumbai,27.9,42.0,69.6,30.9,7.8,1007.8,43.7,1.88,0.44,0,Low,22.2
2019-04-22,Guwahati (Assam),0.2,1.2,50.1,31.3,2.0,1014.3,26.3,1.78,0.43,0,Low,13.7
2019-04-24,Chennai,1.7,4.0,46.9,33.3,1.5,1013.9,31.5,1.99,0.39,0,Low,14.2
2019-04-25,Mumbai,3.5,3.6,52.6,29.3,1.5,1013.2,26.4,1.0,0.42,0,Low,16.9
2019-04-26,Raigad,11.1,17.9,73.4,28.1,6.6,1011.4,53.2,2.4,0.48,0,Low,21.8
2019-04-28,Navi Mumbai,0.5,3.6,49.7,35.2,4.8,1014.3,38.2,2.06,0.49,0,Low,9.3
2019-04-30,Ratnagiri,1.3,2.2,54.8,34.4,4.3,1010.3,26.6,0.74,0.57,0,Low,9.5
2019-05-02,Guwahati (Assam),13.9,19.3,74.7,29.8,4.7,1010.9,39.6,2.37,0.33,0,Low,22.0
2019-05-04,Chennai,1.4,2.3,42.2,36.9,3.3,1010.9,28.1,0.55,0.34,0,Low,12.1
2019-05-05,Mumbai,19.6,25.2,65.5,28.3,3.8,1009.0,38.5,2.86,0.48,0,Low,17.1
2019-05-06,Ratnagiri,3.5,3.7,66.5,30.8,5.1,1014.8,41.6,0.99,0.58,0,Low,11.7
2019-05-07,Navi Mumbai,0.7,1.5,52.9,29.4,3.7,1013.4,29.6,1.8,0.54,0,Low,11.5
2019-05-08,Navi Mumbai,0.5,1.1,41.4,28.5,2.9,1008.5,30.7,0.74,0.61,0,Low,11.3
2019-05-10,Guwahati (Assam),1.0,2.0,67.8,35.9,4.0,1010.7,30.4,1.56,0.45,0,Low,13.1
2019-05-12,Ratnagiri,0.1,1.4,52.9,30.0,5.4,1013.0,29.4,1.98,0.54,0,Low,13.3
2019-05-13,Guwahati (Assam),0.2,3.4,44.1,35.9,5.3,1011.7,19.0,1.29,0.37,0,Low,12.5
2019-05-14,Raigad,3.0,4.8,47.4,30.6,2.3,1011.3,28.8,1.34,0.52,0,Low,14.6
2019-05-15,Ratnagiri,34.5,45.6,77.4,30.6,5.9,1009.6,59.0,2.08,0.65,0,Low,27.1
2019-05-16,Thane,3.4,3.5,64.2,32.0,3.5,1013.8,15.5,1.31,0.47,0,Low,12.7
2019-05-18,Raigad,1.8,2.1,44.9,31.2,4.7,1014.4,22.5,0.86,0.56,0,Low,8.0
2019-05-20,Guwahati (Assam),0.0,2.7,62.5,34.7,2.1,1014.1,32.8,1.8,0.39,0,Low,15.3
2019-05-22,Raigad,0.1,1.4,37.6,31.7,3.1,1014.6,16.8,1.09,0.52,0,Low,9.7
2019-05-24,Mumbai,4.4,4.6,66.5,32.7,2.7,1012.5,36.5,1.7,0.44,0,Low,12.6
2019-05-25,Raigad,0.4,1.1,61.5,36.4,3.1,1011.0,39.5,1.05,0.42,0,Low,9.4
2019-05-27,Mumbai,1.5,9.2,54.9,31.2,4.1,1006.5,30.8,1.56,0.44,0,Low,15.8
2019-05-29,Thane,0.4,2.9,62.1,35.2,3.7,1011.5,29.0,0.74,0.49,0,Low,9.4
2019-05-31,Guwahati (Assam),1.0,1.7,39.4,33.7,1.7,1010.9,15.0,1.37,0.39,0,Low,14.9
2019-06-02,Chennai,436.6,657.9,95.5,25.3,19.1,991.6,92.8,8.83,0.38,1,Critical,94.3
2019-06-04,Guwahati (Assam),67.2,190.3,92.9,26.0,13.3,1004.1,73.3,5.24,0.33,0,Moderate,51.8
2019-06-05,Kochi (Kerala),380.8,833.1,94.0,22.8,24.3,990.5,97.0,11.07,0.53,1,Critical,90.6
2019-06-07,Kochi (Kerala),123.4,352.9,95.2,23.2,13.2,998.0,88.3,6.55,0.7,1,High,72.2
2019-06-08,Chennai,70.3,134.5,91.7,25.9,12.6,999.6,83.9,4.38,0.37,0,Moderate,51.4
2019-06-10,Kochi (Kerala),98.4,175.7,90.8,26.7,8.4,1004.1,82.3,4.57,0.76,0,Moderate,49.7
2019-06-11,Chennai,172.1,320.0,97.1,24.3,13.3,1003.3,84.6,5.76,0.34,1,High,71.0
2019-06-12,Chennai,40.1,60.7,79.9,26.7,4.1,1005.4,64.9,3.11,0.41,0,Moderate,32.3
2019-06-14,Kochi (Kerala),115.8,300.8,97.7,25.3,16.1,1000.5,87.1,7.28,0.77,1,High,68.3
2019-06-16,Ratnagiri,103.7,173.7,84.2,27.5,12.5,1002.0,72.2,4.53,0.68,0,Moderate,49.6
2019-06-18,Raigad,304.0,646.7,94.0,23.3,23.4,996.9,99.3,10.63,0.51,1,Critical,92.3
2019-06-19,Guwahati (Assam),28.7,64.6,78.9,25.3,5.3,1005.7,69.9,3.21,0.38,0,Moderate,31.4
2019-06-20,Ratnagiri,103.0,169.0,87.7,25.0,7.6,1003.6,74.0,5.12,0.6,1,Moderate,53.5
2019-06-21,Chennai,19.4,71.8,83.3,26.9,7.7,1004.0,73.3,2.94,0.47,0,Moderate,31.4
2019-06-23,Navi Mumbai,401.1,641.6,94.9,22.0,23.2,990.7,95.4,8.0,0.6,1,Critical,91.7
2019-06-25,Thane,275.3,660.5,98.1,22.3,18.6,990.3,96.1,9.1,0.51,1,Critical,95.8
2019-06-27,Raigad,52.7,180.2,93.8,27.6,12.8,1002.3,75.4,5.73,0.43,0,Moderate,51.4
2019-06-29,Guwahati (Assam),22.8,60.3,82.7,25.4,7.4,1007.1,70.1,2.74,0.37,0,Moderate,32.4
2019-07-01,Thane,22.4,68.0,83.7,25.8,7.1,1005.5,70.4,3.25,0.57,0,Moderate,33.9
2019-07-02,Thane,21.9,67.3,77.9,26.6,8.7,1004.8,63.6,2.54,0.47,0,Moderate,30.6
2019-07-04,Chennai,242.0,557.3,96.4,26.1,27.9,990.1,92.3,10.32,0.5,1,Critical,89.5
2019-07-05,Raigad,37.6,94.3,87.4,27.9,6.0,1004.3,66.3,3.04,0.42,0,Moderate,37.7
2019-07-07,Raigad,261.7,784.7,94.6,24.3,17.9,993.8,92.3,7.63,0.44,1,Critical,90.7
2019-07-09,Guwahati (Assam),65.5,201.5,89.8,26.0,10.6,1007.5,76.0,4.64,0.34,0,Moderate,49.9
2019-07-11,Chennai,420.7,797.9,97.0,22.9,22.7,994.5,93.4,8.73,0.39,1,Critical,91.1
2019-07-12,Ratnagiri,53.9,119.4,93.4,26.3,9.3,1004.2,76.7,5.25,0.62,0,Moderate,46.4
2019-07-14,Ratnagiri,19.5,74.5,82.0,26.4,6.3,1009.0,55.8,2.69,0.63,0,Low,26.8
2019-07-16,Guwahati (Assam),53.0,190.8,86.3,25.4,8.4,1004.9,82.4,5.53,0.22,0,Moderate,51.4
2019-07-18,Thane,297.8,753.0,98.9,22.8,19.8,988.4,98.8,10.48,0.39,1,Critical,98.6
2019-07-20,Thane,388.5,634.4,97.3,25.2,17.2,992.6,99.1,7.66,0.39,1,Critical,96.0
2019-07-21,Guwahati (Assam),66.3,183.5,91.6,24.5,10.1,998.8,79.1,4.66,0.38,0,Moderate,55.3
2019-07-22,Guwahati (Assam),151.9,400.8,95.6,26.3,17.8,1000.7,86.0,6.29,0.4,1,High,75.8
2019-07-23,Thane,90.0,195.0,93.5,26.2,9.0,1005.2,74.3,5.42,0.5,0,Moderate,52.2
2019-07-25,Kochi (Kerala),117.0,354.5,90.1,26.2,18.7,993.1,91.0,7.38,0.72,0,High,73.8
2019-07-27,Chennai,119.1,309.8,95.7,26.9,11.6,998.2,92.0,6.77,0.43,0,High,70.9
2019-07-28,Guwahati (Assam),184.2,326.2,92.5,24.3,17.8,1001.4,86.5,6.94,0.34,1,Critical,81.4
2019-07-30,Ratnagiri,454.6,678.6,98.0,22.2,22.1,992.0,94.2,8.64,0.66,1,Critical,92.8
2019-08-01,Navi Mumbai,300.2,762.0,96.4,22.3,25.2,989.0,97.1,8.73,0.47,1,Critical,90.7
2019-08-03,Navi Mumbai,43.3,89.0,83.7,28.2,5.1,1004.6,63.4,3.63,0.54,0,Moderate,35.3
2019-08-04,Raigad,23.3,60.6,87.7,25.3,6.9,1005.4,69.8,3.56,0.47,0,Moderate,32.5
2019-08-06,Mumbai,71.9,153.0,86.1,26.2,8.1,1000.4,76.0,5.18,0.36,0,Moderate,52.7
2019-08-08,Ratnagiri,54.2,120.2,93.5,25.3,6.7,1007.7,81.1,4.48,0.62,0,Moderate,46.1
2019-08-09,Thane,36.2,80.6,79.1,26.4,7.3,1003.1,72.3,3.92,0.52,0,Moderate,37.8
2019-08-10,Chennai,82.3,198.4,90.8,25.8,6.1,998.7,78.3,5.72,0.41,0,Moderate,58.9
2019-08-12,Ratnagiri,130.1,344.2,97.8,23.5,10.1,996.9,88.3,5.71,0.66,1,High,71.0
2019-08-14,Mumbai,327.2,632.6,96.6,25.3,15.1,997.6,96.8,8.4,0.46,1,Critical,93.5
2019-08-15,Thane,61.0,191.2,91.4,24.1,8.0,1003.7,75.0,4.49,0.45,0,Moderate,52.1
2019-08-17,Kochi (Kerala),163.5,377.7,90.6,27.3,17.5,999.6,93.3,6.75,0.63,1,High,79.4
2019-08-19,Raigad,410.6,874.1,97.1,22.3,19.8,986.3,98.9,9.66,0.52,1,Critical,90.9
2019-08-21,Ratnagiri,309.5,825.0,98.0,25.5,20.9,985.9,97.3,9.08,0.61,1,Critical,94.5
2019-08-22,Navi Mumbai,101.5,166.6,92.2,25.3,9.6,1000.9,72.3,4.54,0.65,0,Moderate,50.0
2019-08-24,Kochi (Kerala),342.6,868.5,94.6,25.4,20.3,986.2,93.2,8.09,0.65,1,Critical,93.2
2019-08-25,Raigad,429.8,875.9,94.7,23.3,19.0,992.3,93.9,9.41,0.54,1,Critical,86.9
2019-08-27,Chennai,25.6,78.7,85.3,26.5,9.0,1005.7,62.1,3.26,0.43,0,Moderate,33.5
2019-08-29,Mumbai,359.4,745.4,95.2,25.9,23.8,987.8,98.3,10.68,0.44,1,Critical,94.2
2019-08-30,Raigad,163.8,306.3,95.4,23.8,16.2,996.7,85.7,5.5,0.58,1,High,72.1
2019-09-01,Ratnagiri,156.2,298.8,90.7,23.1,11.5,1000.9,92.9,6.06,0.65,1,High,70.5
2019-09-02,Thane,270.0,661.3,97.6,23.1,15.8,985.8,93.6,11.05,0.47,1,Critical,92.5
2019-09-04,Mumbai,148.3,328.4,94.3,26.1,16.3,1004.7,85.7,6.65,0.5,1,High,74.1
2019-09-05,Kochi (Kerala),33.9,75.2,76.5,28.0,4.6,1003.8,68.8,2.81,0.64,0,Moderate,31.7
2019-09-07,Raigad,131.3,322.4,93.4,23.1,17.1,997.2,84.7,6.59,0.54,1,High,75.9
2019-09-09,Thane,87.9,168.2,84.1,27.3,10.3,1004.0,83.8,4.87,0.53,0,Moderate,53.8
2019-09-11,Thane,331.8,612.3,99.1,26.0,21.1,988.6,92.6,8.93,0.53,1,Critical,92.1
2019-09-13,Guwahati (Assam),158.3,413.8,90.5,25.9,10.7,1001.8,88.3,7.79,0.4,1,Critical,80.5
2019-09-14,Kochi (Kerala),62.1,150.1,87.7,24.3,9.0,1004.7,78.5,5.3,0.56,0,Moderate,51.1
2019-09-15,Navi Mumbai,115.7,266.2,95.3,25.2,10.0,999.9,89.5,5.65,0.6,1,High,66.4
2019-09-17,Chennai,38.5,88.6,85.4,27.6,4.8,1009.6,68.4,3.43,0.42,0,Moderate,33.9
2019-09-18,Chennai,20.8,76.4,84.7,29.5,8.2,1010.2,72.8,3.37,0.43,0,Moderate,35.4
2019-09-20,Navi Mumbai,76.1,193.4,86.7,24.9,8.5,1004.1,75.4,4.39,0.5,0,Moderate,51.3
2019-09-22,Raigad,346.9,628.9,94.5,25.1,20.0,992.9,98.0,8.51,0.49,1,Critical,94.5
2019-09-23,Kochi (Kerala),190.1,399.2,92.6,24.2,11.7,1000.8,90.9,6.0,0.6,1,High,77.0
2019-09-24,Kochi (Kerala),168.0,402.1,96.2,26.4,11.7,998.8,87.7,6.49,0.68,1,High,76.9
2019-09-26,Guwahati (Assam),118.1,331.5,92.6,27.0,18.0,993.0,87.3,7.57,0.37,1,High,76.0
2019-09-27,Mumbai,81.7,147.1,84.9,28.5,8.6,1005.1,84.0,5.8,0.48,0,Moderate,55.2
2019-09-28,Navi Mumbai,216.1,555.0,98.7,24.5,19.1,990.1,96.9,8.36,0.5,1,Critical,96.1
2019-09-30,Thane,52.1,179.1,90.2,26.5,11.0,1003.7,80.1,5.78,0.51,0,Moderate,53.0
2019-10-01,Chennai,401.0,749.4,95.4,24.7,27.1,996.9,99.0,8.77,0.38,1,Critical,89.3
2019-10-03,Navi Mumbai,8.1,16.0,56.4,35.2,4.4,1011.3,27.3,1.65,0.56,0,Low,14.0
2019-10-04,Raigad,4.3,4.7,51.5,34.2,4.3,1015.5,32.5,0.97,0.45,0,Low,12.0
2019-10-06,Ratnagiri,1.4,1.8,58.3,32.1,4.2,1011.8,15.5,1.82,0.55,0,Low,13.5
2019-10-08,Ratnagiri,2.7,5.9,66.7,32.8,3.5,1014.2,25.9,0.76,0.68,0,Low,5.7
2019-10-10,Kochi (Kerala),3.8,5.6,54.6,31.2,1.7,1012.4,17.3,1.53,0.68,0,Low,9.9
2019-10-11,Raigad,31.6,49.9,67.9,30.4,4.4,1010.6,55.7,3.2,0.44,0,Low,28.4
2019-10-12,Guwahati (Assam),0.9,4.7,37.1,31.0,1.8,1012.1,16.9,0.86,0.35,0,Low,9.8
2019-10-13,Mumbai,0.5,0.7,40.5,29.3,5.4,1009.4,35.5,2.15,0.44,0,Low,11.2
2019-10-14,Ratnagiri,2.4,3.2,44.9,30.1,2.0,1011.0,33.2,0.61,0.58,0,Low,6.7
2019-10-15,Ratnagiri,0.2,1.0,63.5,29.4,1.8,1011.4,28.1,1.01,0.63,0,Low,12.9
2019-10-16,Ratnagiri,0.2,1.9,51.7,29.3,4.0,1012.3,17.2,1.28,0.61,0,Low,6.6
2019-10-18,Ratnagiri,0.1,1.2,50.1,34.5,3.8,1011.4,33.0,1.82,0.65,0,Low,10.5
2019-10-20,Mumbai,23.5,41.1,79.8,31.3,4.9,1008.9,54.3,2.49,0.49,0,Low,22.3
2019-10-21,Thane,0.7,4.6,48.4,31.0,3.3,1012.4,35.6,0.71,0.54,0,Low,9.9
2019-10-22,Thane,1.3,2.6,56.3,30.1,3.7,1015.5,18.8,1.47,0.42,0,Low,10.2
2019-10-23,Mumbai,0.4,0.8,62.2,30.6,5.2,1010.8,41.2,1.47,0.42,0,Low,13.2
2019-10-25,Ratnagiri,2.4,3.3,37.9,33.0,4.9,1011.4,33.2,0.87,0.55,0,Low,10.7
2019-10-26,Raigad,0.4,1.0,35.0,35.8,4.7,1011.9,31.9,1.78,0.52,0,Low,11.3
2019-10-27,Chennai,143.1,276.2,93.9,27.1,10.4,995.0,86.4,7.59,0.34,1,High,76.1
2019-10-28,Kochi (Kerala),2.1,2.4,51.1,31.9,3.9,1008.3,42.0,1.81,0.54,0,Low,16.9
2019-10-29,Ratnagiri,0.3,0.4,41.7,31.1,3.5,1014.0,28.8,1.35,0.58,0,Low,10.1
2019-10-31,Raigad,2.7,3.1,35.8,32.0,2.4,1015.9,16.3,1.73,0.4,0,Low,13.1
2019-11-01,Mumbai,17.0,24.6,70.7,30.8,5.0,1007.7,55.0,2.13,0.41,0,Low,24.5
2019-11-03,Chennai,189.3,363.5,90.5,23.1,17.4,1003.9,89.2,7.28,0.43,1,Critical,80.4
2019-11-05,Guwahati (Assam),0.0,6.5,57.0,36.4,2.6,1015.7,23.6,1.94,0.29,0,Low,17.0
2019-11-07,Navi Mumbai,0.5,7.1,35.3,34.4,4.3,1014.4,31.8,2.18,0.51,0,Low,10.3
2019-11-08,Navi Mumbai,0.1,1.3,43.6,31.1,4.8,1013.8,16.7,0.66,0.49,0,Low,8.6
2019-11-10,Kochi (Kerala),13.8,33.3,71.7,29.0,4.2,1006.1,48.4,2.73,0.67,0,Low,23.3
2019-11-12,Raigad,1.3,6.0,62.0,34.8,1.7,1010.6,25.9,2.0,0.54,0,Low,17.6
2019-11-13,Chennai,136.7,283.4,91.5,24.5,13.9,994.5,92.3,5.78,0.46,1,High,73.2
2019-11-15,Ratnagiri,0.5,1.9,44.9,33.4,3.2,1014.3,24.3,1.75,0.69,0,Low,10.1
2019-11-17,Ratnagiri,2.6,4.3,56.7,36.1,3.1,1012.9,23.8,0.52,0.63,0,Low,9.4
2019-11-19,Guwahati (Assam),0.2,1.9,50.3,29.1,5.4,1015.5,15.9,1.62,0.38,0,Low,14.1
2019-11-21,Navi Mumbai,0.3,2.0,44.8,36.4,4.8,1012.7,41.6,0.94,0.5,0,Low,10.2
2019-11-23,Raigad,18.7,24.5,65.8,30.2,5.3,1010.4,43.6,2.61,0.52,0,Low,17.2
2019-11-24,Guwahati (Assam),2.6,3.9,46.6,31.3,4.7,1011.6,23.9,0.86,0.4,0,Low,11.5
2019-11-25,Navi Mumbai,1.0,4.7,42.3,31.4,4.7,1011.7,27.4,1.02,0.51,0,Low,12.8
2019-11-26,Kochi (Kerala),1.1,1.2,50.7,31.7,2.1,1013.4,32.7,2.15,0.66,0,Low,14.9
2019-11-27,Kochi (Kerala),0.1,1.2,38.8,33.5,5.3,1011.3,24.6,1.44,0.67,0,Low,10.1
2019-11-28,Chennai,430.0,851.9,96.2,23.1,16.4,989.7,94.7,9.03,0.46,1,Critical,95.6
2019-11-30,Raigad,0.1,1.1,41.0,29.4,4.8,1012.3,19.5,1.99,0.56,0,Low,10.8
2019-12-01,Ratnagiri,1.0,3.6,66.6,30.0,5.0,1013.1,40.2,2.06,0.52,0,Low,16.4
2019-12-02,Ratnagiri,0.8,3.6,52.5,34.1,3.2,1014.1,19.0,1.92,0.67,0,Low,12.1
2019-12-03,Kochi (Kerala),0.8,1.8,65.2,30.3,4.9,1012.8,28.1,1.37,0.71,0,Low,11.3
2019-12-05,Ratnagiri,0.6,0.7,44.0,28.1,5.4,1012.3,34.7,1.09,0.51,0,Low,11.1
2019-12-07,Mumbai,4.4,5.4,60.8,30.4,5.5,1013.7,15.7,1.53,0.5,0,Low,15.2
2019-12-09,Raigad,13.0,32.1,67.7,29.7,4.1,1010.1,47.2,2.02,0.55,0,Low,15.1
2019-12-10,Kochi (Kerala),2.1,6.7,37.8,31.5,1.9,1010.1,15.4,1.62,0.63,0,Low,9.1
2019-12-12,Thane,0.4,0.4,62.6,36.8,2.0,1013.5,40.0,1.21,0.5,0,Low,10.5
2019-12-13,Mumbai,0.0,1.8,35.4,35.1,2.7,1015.1,16.1,1.5,0.35,0,Low,12.8
2019-12-15,Ratnagiri,1.2,1.8,58.4,30.4,5.1,1014.2,16.4,1.22,0.6,0,Low,5.9
2019-12-16,Kochi (Kerala),0.4,0.9,62.0,36.4,1.9,1013.4,27.2,1.07,0.67,0,Low,10.5
2019-12-17,Kochi (Kerala),11.3,23.7,71.6,28.0,5.0,1005.9,50.6,2.93,0.61,0,Low,22.9
2019-12-18,Thane,0.2,0.8,46.9,31.7,4.2,1013.4,16.5,0.56,0.45,0,Low,12.4
2019-12-19,Mumbai,0.3,2.4,43.6,36.0,5.1,1010.5,26.1,0.91,0.41,0,Low,10.1
2019-12-21,Chennai,168.8,404.2,93.2,23.7,16.6,999.7,87.6,7.04,0.45,1,Critical,80.4
2019-12-23,Chennai,44.8,71.0,87.8,29.9,8.4,1008.2,72.3,2.93,0.39,0,Moderate,39.8
2019-12-25,Navi Mumbai,0.8,1.9,45.9,33.1,4.9,1011.3,20.4,2.09,0.66,0,Low,13.7
2019-12-27,Raigad,1.2,4.2,35.5,35.4,1.7,1010.6,35.7,0.93,0.53,0,Low,8.8
2019-12-28,Raigad,0.6,2.9,54.6,33.4,4.2,1013.4,30.5,1.23,0.55,0,Low,12.3
2019-12-29,Mumbai,0.4,2.8,42.7,33.6,4.5,1013.1,37.9,0.58,0.41,0,Low,7.7
2019-12-30,Ratnagiri,1.0,6.3,46.0,32.2,1.6,1015.0,17.2,0.94,0.56,0,Low,9.6
2020-01-01,Raigad,0.8,2.4,40.8,30.7,4.2,1012.9,30.2,1.35,0.49,0,Low,12.7
2020-01-03,Guwahati (Assam),3.7,4.7,39.7,34.4,2.7,1014.6,29.2,1.69,0.27,0,Low,14.4
2020-01-04,Chennai,1.7,4.0,66.2,30.7,1.5,1010.7,32.9,1.58,0.41,0,Low,13.1
2020-01-05,Kochi (Kerala),2.0,2.8,56.9,33.0,2.9,1012.6,18.6,0.66,0.64,0,Low,7.2
2020-01-07,Mumbai,0.8,3.4,60.7,29.1,1.5,1010.7,21.9,0.52,0.46,0,Low,13.7
2020-01-09,Navi Mumbai,4.7,6.4,52.0,28.8,3.7,1012.8,25.3,1.53,0.61,0,Low,8.6
2020-01-11,Chennai,0.1,0.9,38.2,29.6,5.4,1015.3,38.6,2.19,0.37,0,Low,8.8
2020-01-12,Chennai,18.2,27.8,71.0,30.0,6.4,1009.8,44.9,1.99,0.46,0,Low,18.0
2020-01-14,Thane,1.3,3.7,58.1,34.8,5.0,1016.0,31.7,0.82,0.5,0,Low,10.3
2020-01-15,Kochi (Kerala),2.8,3.2,39.1,36.7,1.9,1010.5,27.9,1.5,0.75,0,Low,8.1
2020-01-16,Navi Mumbai,0.1,0.3,54.3,32.9,2.4,1014.7,16.1,1.35,0.55,0,Low,11.6
2020-01-17,Chennai,0.6,2.5,64.6,35.3,3.8,1014.2,34.7,1.12,0.35,0,Low,11.7
2020-01-19,Raigad,0.3,2.7,53.4,31.2,5.1,1010.4,33.2,1.17,0.61,0,Low,13.2
2020-01-20,Thane,0.8,6.3,43.3,29.1,3.8,1015.7,41.2,1.14,0.47,0,Low,10.6
2020-01-21,Navi Mumbai,22.6,30.0,74.9,32.0,5.3,1006.1,40.5,3.04,0.53,0,Low,19.6
2020-01-23,Kochi (Kerala),1.6,2.8,56.4,28.6,4.8,1009.8,40.4,1.6,0.56,0,Low,17.9
2020-01-24,Thane,1.3,2.3,46.2,29.1,3.1,1013.5,20.6,0.6,0.45,0,Low,8.1
2020-01-25,Raigad,3.1,4.8,46.4,35.2,3.7,1014.9,17.1,1.46,0.61,0,Low,10.0
2020-01-26,Thane,0.5,0.8,40.0,31.9,3.9,1013.5,37.4,0.64,0.52,0,Low,11.5
2020-01-28,Guwahati (Assam),2.6,5.7,44.1,36.5,2.0,1011.7,38.6,2.15,0.46,0,Low,15.3
2020-01-30,Guwahati (Assam),11.0,22.1,72.7,29.5,7.7,1008.4,55.8,3.13,0.31,0,Moderate,30.5
2020-01-31,Kochi (Kerala),0.9,3.0,47.6,28.5,3.9,1011.7,39.4,1.15,0.62,0,Low,9.3
2020-02-02,Guwahati (Assam),0.1,3.5,62.3,33.3,2.9,1013.0,37.3,1.57,0.28,0,Low,17.3
2020-02-03,Raigad,0.8,7.1,52.9,33.4,2.4,1015.2,31.9,1.47,0.52,0,Low,14.3
2020-02-05,Navi Mumbai,1.1,1.6,57.0,28.7,3.3,1011.7,20.5,1.16,0.58,0,Low,9.9
2020-02-06,Mumbai,1.1,2.4,47.6,35.6,2.1,1011.4,28.7,0.61,0.44,0,Low,10.7
2020-02-07,Raigad,1.3,5.5,53.4,36.6,1.7,1012.9,32.4,0.58,0.46,0,Low,7.4
2020-02-09,Navi Mumbai,0.3,0.6,39.1,32.7,2.5,1012.1,24.7,2.18,0.53,0,Low,13.3
2020-02-11,Mumbai,13.6,24.3,73.3,26.5,3.0,1011.9,47.0,2.49,0.46,0,Low,23.0
2020-02-13,Ratnagiri,0.6,1.0,38.2,36.6,3.9,1012.4,34.7,1.04,0.58,0,Low,6.4
2020-02-14,Thane,0.2,0.6,61.3,34.1,3.7,1014.1,17.0,0.98,0.45,0,Low,11.0
2020-02-15,Kochi (Kerala),7.3,7.9,63.9,35.5,2.4,1011.2,25.8,1.2,0.71,0,Low,9.9
2020-02-16,Thane,2.0,3.1,54.1,35.5,4.7,1010.9,26.2,1.43,0.53,0,Low,13.1
2020-02-18,Guwahati (Assam),8.5,8.8,57.3,31.6,2.0,1007.5,19.3,2.11,0.38,0,Low,20.8
2020-02-20,Thane,1.0,2.1,46.8,33.3,3.8,1012.3,29.9,1.47,0.42,0,Low,9.9
2020-02-22,Raigad,0.0,0.9,60.7,33.1,2.5,1010.9,33.8,1.46,0.53,0,Low,13.7
2020-02-23,Kochi (Kerala),1.4,2.7,39.4,30.4,3.2,1013.2,22.8,0.51,0.69,0,Low,11.7
2020-02-24,Kochi (Kerala),2.0,2.0,54.3,36.5,2.2,1012.4,27.7,0.66,0.56,0,Low,11.1
2020-02-26,Chennai,0.8,2.3,64.6,29.8,1.6,1013.0,39.0,1.51,0.51,0,Low,14.3
2020-02-28,Thane,2.1,7.0,53.9,29.6,2.6,1015.1,20.4,0.92,0.47,0,Low,11.9
2020-03-01,Thane,1.3,2.4,55.3,28.7,1.9,1012.6,20.8,0.98,0.39,0,Low,9.2
2020-03-02,Chennai,0.0,2.1,57.1,35.2,5.2,1011.7,15.5,0.76,0.46,0,Low,10.6
2020-03-04,Navi Mumbai,1.2,3.4,57.4,36.4,5.5,1010.6,38.8,0.58,0.6,0,Low,11.7
2020-03-05,Kochi (Kerala),0.4,0.9,39.6,35.7,3.5,1012.0,33.2,0.91,0.67,0,Low,9.7
2020-03-07,Navi Mumbai,0.6,1.7,41.9,36.8,4.1,1012.1,36.1,1.8,0.59,0,Low,12.1
2020-03-09,Mumbai,1.7,4.3,54.0,29.9,3.5,1011.9,23.4,1.23,0.4,0,Low,15.3
2020-03-11,Ratnagiri,15.8,26.9,69.0,27.2,6.9,1008.4,54.5,3.06,0.64,0,Low,24.7
2020-03-12,Guwahati (Assam),4.7,5.6,46.2,28.6,3.4,1013.2,17.9,0.92,0.33,0,Low,14.1
2020-03-13,Thane,3.1,3.8,63.3,35.7,4.6,1013.4,40.5,1.66,0.45,0,Low,11.8
2020-03-14,Navi Mumbai,1.6,3.0,39.0,30.8,4.7,1008.3,38.3,0.73,0.55,0,Low,10.3
2020-03-16,Thane,1.6,4.4,61.8,36.5,2.8,1014.6,33.3,0.93,0.5,0,Low,12.5
2020-03-17,Thane,0.1,2.6,50.7,35.6,3.0,1012.6,19.5,1.92,0.48,0,Low,10.2
2020-03-19,Mumbai,1.9,3.3,54.9,32.1,4.8,1013.6,17.8,1.93,0.46,0,Low,15.0
2020-03-21,Ratnagiri,0.7,4.9,58.9,29.0,3.1,1014.6,38.9,0.58,0.66,0,Low,8.2
2020-03-22,Guwahati (Assam),1.5,2.1,43.2,36.5,2.7,1011.5,18.8,0.52,0.36,0,Low,13.5
2020-03-24,Raigad,19.2,29.6,70.2,29.1,5.2,1009.1,57.4,2.51,0.52,0,Low,21.8
2020-03-26,Ratnagiri,6.1,6.7,37.4,34.0,3.9,1009.2,36.2,0.83,0.6,0,Low,7.0
2020-03-28,Guwahati (Assam),0.8,2.0,43.5,34.8,3.6,1014.6,23.7,1.51,0.37,0,Low,12.4
2020-03-30,Chennai,33.0,43.2,65.8,27.2,5.1,1007.2,40.6,1.89,0.4,0,Low,23.4
2020-03-31,Ratnagiri,20.8,27.6,72.7,28.1,4.9,1009.4,51.7,2.81,0.62,0,Low,22.3
2020-04-02,Mumbai,30.1,40.2,71.7,30.1,5.5,1009.7,48.6,3.18,0.43,0,Low,26.0
2020-04-03,Navi Mumbai,1.2,10.9,63.3,28.9,4.3,1014.1,24.3,0.51,0.51,0,Low,7.1
2020-04-05,Thane,2.6,3.4,62.3,28.0,2.7,1010.9,16.8,0.82,0.45,0,Low,10.5
2020-04-07,Thane,0.8,1.7,63.9,36.1,3.5,1013.4,23.9,0.68,0.39,0,Low,9.0
2020-04-09,Ratnagiri,18.0,25.5,76.7,26.7,6.2,1009.5,39.7,3.14,0.55,0,Low,23.5
2020-04-11,Mumbai,0.3,4.1,35.4,32.6,4.6,1011.7,40.2,2.05,0.48,0,Low,11.7
2020-04-12,Kochi (Kerala),0.5,1.4,48.0,32.9,2.1,1010.7,23.4,1.36,0.61,0,Low,11.9
2020-04-14,Navi Mumbai,1.6,1.9,53.1,28.8,3.0,1014.1,26.2,0.57,0.58,0,Low,8.3
2020-04-15,Kochi (Kerala),0.1,0.5,47.9,36.5,2.1,1011.7,41.5,1.15,0.67,0,Low,10.1
2020-04-16,Kochi (Kerala),1.5,1.9,39.8,36.4,5.2,1014.8,39.0,1.56,0.62,0,Low,7.4
2020-04-18,Raigad,1.5,2.4,39.9,33.4,4.8,1010.6,20.3,0.9,0.44,0,Low,10.6
2020-04-20,Thane,1.4,3.8,47.0,35.4,2.3,1009.8,27.7,1.86,0.53,0,Low,12.7
2020-04-21,Mumbai,1.7,1.8,57.8,30.8,1.7,1009.7,25.4,0.64,0.49,0,Low,12.5
2020-04-22,Ratnagiri,0.1,4.9,35.2,32.4,2.0,1010.9,23.3,2.07,0.58,0,Low,13.6
2020-04-23,Chennai,1.2,5.5,53.3,32.8,2.3,1010.3,35.5,1.08,0.36,0,Low,10.3
2020-04-25,Ratnagiri,0.1,0.7,50.3,30.0,4.5,1013.0,39.8,1.22,0.65,0,Low,9.8
2020-04-27,Ratnagiri,0.9,2.2,46.6,36.2,3.8,1013.9,24.2,1.24,0.59,0,Low,10.9
2020-04-28,Guwahati (Assam),2.4,8.1,55.6,34.7,4.7,1014.5,37.8,1.17,0.33,0,Low,12.8
2020-04-29,Guwahati (Assam),1.7,2.9,59.7,31.2,4.0,1013.7,29.7,0.85,0.32,0,Low,10.8
2020-04-30,Ratnagiri,1.0,1.5,66.9,34.4,5.3,1010.8,26.5,1.31,0.65,0,Low,11.4
2020-05-02,Mumbai,1.8,2.4,49.7,29.1,2.3,1014.4,29.9,0.76,0.5,0,Low,10.6
2020-05-03,Chennai,2.0,4.9,67.2,33.2,2.9,1015.6,32.5,0.62,0.43,0,Low,13.1
2020-05-05,Navi Mumbai,1.4,2.4,50.6,35.7,2.9,1013.6,19.9,1.23,0.52,0,Low,11.5
2020-05-07,Mumbai,23.4,37.9,67.9,27.3,3.2,1006.9,45.1,2.58,0.48,0,Low,24.0
2020-05-09,Mumbai,20.9,40.2,75.8,31.6,5.6,1007.5,44.7,2.55,0.49,0,Low,23.6
2020-05-10,Raigad,0.3,1.3,55.4,36.7,4.4,1015.1,39.9,1.8,0.6,0,Low,8.8
2020-05-12,Navi Mumbai,1.6,3.6,54.9,32.4,3.6,1013.0,20.3,1.87,0.57,0,Low,8.0
2020-05-14,Navi Mumbai,0.9,1.5,53.4,31.1,5.2,1011.0,39.9,1.35,0.65,0,Low,13.0
2020-05-16,Kochi (Kerala),0.1,1.4,46.1,36.3,1.5,1015.8,28.1,0.65,0.61,0,Low,8.6
2020-05-18,Thane,25.4,33.9,72.3,28.6,3.4,1010.2,40.3,2.97,0.48,0,Low,20.6
2020-05-19,Guwahati (Assam),1.1,4.0,37.0,33.2,2.0,1012.3,37.8,0.95,0.32,0,Low,10.5
2020-05-21,Navi Mumbai,0.9,2.6,53.8,31.0,2.8,1012.3,17.9,1.12,0.52,0,Low,11.3
2020-05-22,Ratnagiri,5.1,12.1,63.5,33.4,4.3,1014.2,27.3,1.32,0.58,0,Low,8.9
2020-05-24,Mumbai,18.0,36.9,65.8,28.9,7.6,1011.4,51.4,2.56,0.41,0,Low,21.3
2020-05-26,Chennai,2.9,4.5,52.0,28.9,1.6,1012.3,31.3,0.64,0.34,0,Low,12.5
2020-05-28,Ratnagiri,1.3,1.6,54.2,34.9,3.1,1012.9,38.8,1.6,0.62,0,Low,11.4
2020-05-30,Mumbai,0.2,0.9,41.7,36.2,4.5,1010.1,20.0,1.79,0.49,0,Low,15.1
2020-06-01,Kochi (Kerala),376.5,609.8,96.0,24.1,16.9,990.4,99.4,8.27,0.57,1,Critical,92.5
2020-06-03,Guwahati (Assam),92.3,186.3,89.7,24.1,6.3,1006.7,84.4,4.16,0.33,1,Moderate,53.4
2020-06-05,Guwahati (Assam),314.8,808.6,94.8,26.2,24.8,991.3,99.1,10.0,0.39,1,Critical,95.5
2020-06-06,Raigad,137.0,303.5,95.6,26.4,18.4,999.9,91.4,5.65,0.49,1,High,69.5
2020-06-08,Thane,66.7,205.3,90.4,27.2,13.8,1000.8,77.3,5.44,0.4,0,Moderate,56.6
2020-06-10,Navi Mumbai,129.5,382.2,91.8,24.5,16.8,1003.0,88.4,7.21,0.54,1,High,70.9
2020-06-11,Chennai,128.4,298.1,93.2,23.3,15.2,992.0,92.8,5.85,0.39,1,High,77.7
2020-06-13,Mumbai,148.5,366.7,93.3,25.3,10.1,1001.4,84.4,6.35,0.5,1,High,76.2
2020-06-14,Mumbai,155.2,402.6,95.7,25.6,17.2,999.1,92.6,6.55,0.45,1,High,75.2
2020-06-15,Thane,44.0,91.9,76.1,29.3,6.6,1006.2,63.3,3.82,0.45,0,Moderate,35.0
2020-06-16,Guwahati (Assam),31.7,53.9,87.6,27.6,5.6,1004.8,64.4,3.79,0.38,0,Moderate,33.6
2020-06-18,Ratnagiri,57.1,140.9,91.8,26.1,7.8,1001.6,85.2,4.62,0.57,0,Moderate,46.9
2020-06-19,Mumbai,129.3,374.1,93.7,26.2,18.9,999.0,84.5,5.72,0.45,0,High,69.6
2020-06-21,Kochi (Kerala),129.7,255.2,90.2,26.5,11.2,1005.5,88.3,5.56,0.7,1,High,60.9
2020-06-23,Kochi (Kerala),73.8,176.6,88.8,25.8,13.1,1003.7,84.5,4.6,0.67,0,Moderate,51.4
2020-06-24,Raigad,469.8,857.8,96.7,23.3,27.5,991.9,94.1,8.53,0.51,1,Critical,89.6
2020-06-25,Mumbai,54.5,126.9,88.4,26.3,8.1,1001.2,76.4,4.16,0.46,0,Moderate,45.4
2020-06-26,Chennai,32.1,88.5,75.1,29.1,9.2,1006.1,55.3,2.89,0.42,0,Moderate,31.9
2020-06-28,Raigad,37.0,96.8,78.7,27.7,6.9,1004.8,63.1,2.75,0.59,0,Moderate,37.3
2020-06-30,Raigad,21.8,63.6,84.0,27.6,9.4,1002.1,70.4,2.76,0.5,0,Moderate,36.0
2020-07-01,Thane,73.7,196.2,88.8,27.6,10.6,999.7,76.8,5.46,0.4,0,Moderate,53.8
2020-07-02,Guwahati (Assam),155.4,311.9,90.1,25.9,14.6,999.6,89.7,7.49,0.31,0,High,79.0
2020-07-04,Kochi (Kerala),184.4,386.0,95.7,24.7,10.8,994.5,88.6,6.41,0.66,1,Critical,80.6
2020-07-06,Raigad,471.0,1007.2,95.5,23.6,26.6,990.8,94.4,9.45,0.53,1,Critical,93.0
2020-07-08,Thane,90.5,154.6,84.5,25.7,8.8,1005.6,76.4,4.88,0.42,0,Moderate,49.5
2020-07-09,Navi Mumbai,139.8,396.3,93.3,25.0,15.2,1001.7,90.1,5.7,0.52,1,High,75.1
2020-07-10,Guwahati (Assam),82.8,202.0,86.1,27.8,6.2,1003.5,83.8,4.83,0.33,0,Moderate,55.0
2020-07-11,Guwahati (Assam),191.3,321.5,91.6,24.6,15.6,994.6,86.9,6.05,0.33,1,Critical,81.8
2020-07-12,Navi Mumbai,88.7,166.1,87.7,25.8,13.8,999.2,85.4,5.44,0.53,0,Moderate,54.7
2020-07-14,Guwahati (Assam),155.5,384.4,96.9,26.8,13.2,994.4,84.6,7.11,0.31,1,Critical,84.3
2020-07-15,Navi Mumbai,298.9,747.7,98.6,23.4,25.6,990.6,94.2,9.15,0.55,1,Critical,93.9
2020-07-17,Navi Mumbai,104.3,182.3,90.6,26.7,13.3,1004.3,80.0,4.49,0.6,0,Moderate,51.9
2020-07-18,Kochi (Kerala),366.4,879.8,97.4,24.8,21.7,989.8,92.4,8.36,0.55,1,Critical,87.9
2020-07-19,Thane,60.0,160.3,87.2,25.2,9.7,1004.1,73.5,5.4,0.48,0,Moderate,50.0
2020-07-20,Mumbai,56.3,167.8,92.3,26.6,11.2,1004.9,78.4,4.95,0.48,0,Moderate,48.7
2020-07-21,Raigad,17.4,54.8,78.8,27.7,4.7,1008.5,58.3,2.66,0.48,0,Low,27.8
2020-07-23,Ratnagiri,238.8,673.2,99.2,25.7,23.1,998.8,92.6,7.92,0.48,1,Critical,88.1
2020-07-24,Raigad,26.6,84.3,82.9,29.2,7.9,1006.8,60.5,3.46,0.47,0,Moderate,31.2
2020-07-25,Raigad,189.5,313.0,95.6,26.3,17.5,994.9,93.7,7.74,0.45,1,Critical,88.5
2020-07-26,Navi Mumbai,57.1,169.1,93.8,28.1,9.5,1002.7,83.6,5.26,0.62,0,Moderate,49.5
2020-07-27,Thane,149.2,334.9,97.4,25.9,12.8,997.8,89.3,5.65,0.45,1,High,74.1
2020-07-28,Kochi (Kerala),339.0,676.2,98.1,25.0,24.3,987.6,92.9,9.93,0.66,1,Critical,89.3
2020-07-29,Mumbai,41.1,96.7,80.8,27.3,4.4,1004.8,68.4,3.73,0.46,0,Moderate,37.1
2020-07-30,Raigad,182.1,424.9,91.9,25.5,11.7,999.8,84.5,7.44,0.42,1,Critical,84.6
2020-07-31,Chennai,80.1,147.4,91.6,26.6,7.5,1000.9,74.6,4.33,0.3,0,Moderate,51.8
2020-08-02,Raigad,96.2,157.6,84.5,26.6,12.6,999.8,80.3,4.49,0.47,0,Moderate,51.5
2020-08-04,Chennai,90.8,204.8,86.1,25.6,7.0,1008.2,73.8,5.22,0.46,0,Moderate,50.0
2020-08-05,Mumbai,55.8,180.8,89.8,26.8,12.3,1005.4,72.8,5.35,0.47,0,Moderate,49.3
2020-08-07,Guwahati (Assam),34.2,66.8,87.5,25.2,7.2,1007.9,58.3,3.57,0.33,0,Moderate,32.4
2020-08-09,Thane,343.5,865.4,95.3,22.6,24.9,994.3,93.1,9.89,0.45,1,Critical,91.1
2020-08-11,Kochi (Kerala),394.5,810.4,98.5,23.4,20.8,989.3,95.0,11.14,0.62,1,Critical,90.0
2020-08-13,Thane,69.5,174.7,86.5,28.1,8.1,1004.9,74.4,5.74,0.43,0,Moderate,52.1
2020-08-15,Navi Mumbai,35.3,67.4,77.4,26.5,4.5,1005.8,57.9,2.66,0.58,0,Moderate,31.8
2020-08-17,Navi Mumbai,57.8,128.2,90.4,24.9,6.8,1001.6,81.2,4.97,0.53,0,Moderate,50.8
2020-08-18,Thane,33.9,64.5,75.5,27.3,8.9,1008.9,66.4,3.75,0.54,0,Moderate,34.9
2020-08-20,Chennai,44.4,103.8,83.9,26.2,8.4,1006.5,73.2,3.07,0.46,0,Moderate,37.1
2020-08-22,Thane,328.2,650.6,98.6,26.2,27.2,998.4,93.3,10.74,0.43,1,Critical,88.1
2020-08-23,Kochi (Kerala),120.4,277.9,97.3,25.8,16.5,1000.8,84.3,6.36,0.69,1,High,63.5
2020-08-25,Guwahati (Assam),432.2,729.8,97.9,23.8,22.7,992.4,92.8,7.56,0.3,1,Critical,91.8
2020-08-26,Guwahati (Assam),39.6,99.6,77.7,26.3,7.6,1009.6,57.7,3.97,0.37,0,Moderate,34.7
2020-08-28,Chennai,283.4,772.7,96.3,22.4,19.4,989.9,99.4,9.83,0.37,1,Critical,92.9
2020-08-30,Ratnagiri,44.6,97.4,78.7,25.4,4.3,1006.5,73.6,3.25,0.59,0,Moderate,34.5
2020-09-01,Raigad,89.0,207.5,85.7,25.6,11.1,1006.3,73.0,4.65,0.49,0,Moderate,51.2
2020-09-03,Guwahati (Assam),76.1,201.4,88.3,27.6,10.8,1002.4,80.5,5.13,0.35,0,Moderate,57.1
2020-09-04,Chennai,235.3,460.8,99.2,23.1,17.7,990.0,97.5,8.68,0.35,1,Critical,92.6
2020-09-06,Kochi (Kerala),102.8,230.9,92.6,25.8,12.1,1003.2,78.4,4.93,0.65,0,Moderate,55.0
2020-09-08,Ratnagiri,89.5,184.9,91.3,25.0,12.5,1002.7,80.2,4.38,0.6,1,Moderate,53.2
2020-09-10,Guwahati (Assam),434.1,791.3,95.5,25.9,23.7,988.4,93.5,9.82,0.28,1,Critical,89.5
2020-09-11,Navi Mumbai,362.8,885.3,98.8,24.0,24.3,980.2,96.4,9.32,0.45,1,Critical,94.2
2020-09-13,Chennai,134.7,382.8,92.7,27.3,14.8,1000.3,85.3,6.36,0.33,1,High,79.2
2020-09-14,Kochi (Kerala),28.4,79.5,77.9,25.8,6.2,1004.0,73.5,3.57,0.66,0,Moderate,35.9
2020-09-15,Chennai,17.5,76.9,83.7,26.4,7.2,1007.2,59.9,3.58,0.27,0,Moderate,30.8
2020-09-17,Thane,164.2,409.1,90.6,24.5,12.2,1001.5,93.9,6.4,0.51,1,Critical,80.9
2020-09-18,Guwahati (Assam),132.0,285.5,92.3,24.9,12.1,997.7,87.4,5.52,0.41,1,High,70.1
2020-09-20,Kochi (Kerala),19.4,45.8,85.3,28.1,4.2,1007.3,67.5,2.96,0.7,0,Moderate,30.6
2020-09-22,Raigad,94.6,186.6,93.5,25.8,12.2,1005.7,84.7,4.16,0.47,0,Moderate,53.3
2020-09-24,Guwahati (Assam),94.3,222.3,86.9,28.3,6.4,1004.7,74.1,4.97,0.32,1,Moderate,59.4
2020-09-25,Kochi (Kerala),214.6,751.5,94.3,22.6,15.2,993.7,97.0,10.54,0.7,1,Critical,90.0
2020-09-26,Raigad,75.3,175.2,84.7,27.1,10.0,1002.2,82.7,4.87,0.5,1,Moderate,53.3
2020-09-27,Ratnagiri,59.5,189.3,90.1,24.7,13.7,1000.8,80.8,4.46,0.55,0,Moderate,49.9
2020-09-29,Thane,44.4,84.5,80.9,28.8,4.7,1007.2,65.9,3.32,0.51,0,Moderate,34.5
2020-09-30,Ratnagiri,96.9,225.4,85.0,24.4,8.1,1001.5,80.7,4.64,0.56,0,Moderate,56.3
2020-10-01,Ratnagiri,1.5,2.0,58.6,35.9,2.0,1013.9,38.4,1.51,0.57,0,Low,10.9
2020-10-02,Chennai,58.8,174.8,91.6,24.5,10.0,1004.8,79.5,4.71,0.35,0,Moderate,50.1
2020-10-04,Ratnagiri,1.0,2.3,62.9,35.5,3.1,1014.9,24.0,1.34,0.6,0,Low,7.7
2020-10-05,Guwahati (Assam),2.4,3.7,46.0,29.0,2.5,1012.3,19.6,1.28,0.37,0,Low,13.1
2020-10-07,Ratnagiri,23.8,34.1,71.7,31.8,4.9,1004.1,43.7,2.14,0.62,0,Low,24.7
2020-10-09,Guwahati (Assam),0.3,2.8,35.7,31.8,4.6,1014.0,20.5,1.76,0.34,0,Low,9.1
2020-10-11,Thane,18.8,34.6,69.8,31.4,3.6,1008.4,41.9,2.49,0.5,0,Low,22.1
2020-10-13,Kochi (Kerala),1.2,1.8,58.2,33.9,5.5,1014.2,16.4,0.69,0.64,0,Low,6.1
2020-10-15,Raigad,1.1,1.8,40.0,30.6,3.0,1013.7,35.4,1.42,0.53,0,Low,10.1
2020-10-17,Ratnagiri,4.1,6.1,61.5,32.2,2.9,1011.4,28.8,1.33,0.56,0,Low,13.2
2020-10-19,Ratnagiri,1.3,2.9,36.7,28.6,2.2,1012.8,15.9,1.76,0.63,0,Low,9.0
2020-10-21,Ratnagiri,2.7,3.0,44.9,30.2,3.0,1012.3,26.0,2.18,0.62,0,Low,9.0
2020-10-23,Kochi (Kerala),0.1,3.7,51.9,32.7,3.7,1011.5,19.6,0.84,0.66,0,Low,10.7
2020-10-25,Chennai,131.8,268.1,97.8,23.1,17.2,995.8,85.4,5.83,0.32,0,High,73.1
2020-10-27,Thane,2.3,7.8,57.8,29.4,2.5,1015.2,37.7,0.86,0.53,0,Low,10.7
2020-10-29,Navi Mumbai,20.1,38.9,74.8,26.5,7.7,1006.9,46.8,1.87,0.53,0,Low,18.9
2020-10-31,Raigad,0.8,1.7,60.5,35.2,2.1,1012.5,24.9,1.13,0.45,0,Low,12.6
2020-11-02,Raigad,1.8,2.2,47.1,29.0,4.0,1011.5,30.6,2.05,0.48,0,Low,16.3
2020-11-03,Ratnagiri,0.7,4.4,56.3,33.9,5.0,1012.9,39.1,2.06,0.54,0,Low,13.2
2020-11-04,Ratnagiri,2.0,4.8,55.0,29.5,4.7,1011.6,27.5,0.8,0.56,0,Low,10.7
2020-11-06,Chennai,164.6,377.5,96.7,24.0,11.1,991.0,92.5,5.86,0.45,1,Critical,82.5
2020-11-07,Navi Mumbai,0.2,0.9,56.1,31.2,5.2,1012.7,31.0,1.61,0.55,0,Low,10.2
2020-11-09,Thane,2.8,3.2,62.3,33.1,4.5,1009.8,34.3,0.85,0.44,0,Low,14.8
2020-11-11,Guwahati (Assam),0.8,7.6,49.9,29.3,3.1,1012.3,38.4,2.0,0.36,0,Low,15.3
2020-11-13,Raigad,1.9,2.6,60.8,32.0,3.4,1012.0,36.0,1.15,0.47,0,Low,7.9
2020-11-14,Mumbai,0.7,2.2,61.7,31.3,3.6,1010.1,22.5,2.09,0.4,0,Low,17.5
2020-11-15,Ratnagiri,26.2,31.6,74.3,29.1,5.7,1013.1,45.9,1.91,0.63,0,Low,16.4
2020-11-17,Thane,11.3,16.9,75.8,29.2,5.5,1011.0,41.7,2.07,0.36,0,Low,17.0
2020-11-18,Thane,16.2,30.9,74.8,30.9,5.1,1008.2,39.6,2.18,0.39,0,Low,20.6
2020-11-20,Chennai,36.3,56.6,81.7,25.2,7.1,1000.7,73.9,3.51,0.41,0,Moderate,43.0
2020-11-21,Raigad,0.4,1.7,50.0,33.2,2.9,1011.0,19.4,1.36,0.5,0,Low,12.9
2020-11-23,Navi Mumbai,0.6,6.1,65.1,29.9,1.7,1014.0,41.1,2.01,0.6,0,Low,13.9
2020-11-24,Guwahati (Assam),10.7,19.4,71.9,29.8,5.8,1015.0,54.3,2.19,0.39,0,Low,19.1
2020-11-26,Guwahati (Assam),0.8,3.6,57.9,36.9,2.6,1008.4,26.9,1.96,0.36,0,Low,16.3
2020-11-28,Navi Mumbai,0.3,4.4,37.0,36.0,2.8,1013.2,23.5,1.37,0.59,0,Low,11.5
2020-11-30,Guwahati (Assam),0.8,1.2,49.0,31.5,5.2,1012.6,41.7,1.29,0.33,0,Low,16.4
2020-12-02,Mumbai,4.4,7.3,43.9,33.3,4.4,1012.1,40.4,2.0,0.39,0,Low,17.8
2020-12-03,Ratnagiri,1.2,2.8,38.8,29.1,3.6,1014.4,41.2,1.32,0.6,0,Low,14.4
2020-12-05,Chennai,96.3,236.0,88.3,25.4,13.3,1001.0,74.7,5.11,0.4,1,Moderate,56.7
2020-12-06,Navi Mumbai,18.7,27.7,75.3,31.7,4.3,1007.1,58.5,2.87,0.54,0,Low,26.1
2020-12-08,Guwahati (Assam),26.2,45.7,75.7,31.5,5.6,1010.3,40.6,2.54,0.4,0,Low,22.9
2020-12-10,Mumbai,1.0,2.9,35.3,29.8,3.5,1012.2,26.5,1.71,0.4,0,Low,13.7
2020-12-12,Guwahati (Assam),20.3,28.6,79.5,26.8,4.9,1011.0,38.6,2.11,0.27,0,Low,19.8
2020-12-13,Raigad,0.1,1.4,35.3,28.8,4.7,1012.8,38.1,1.66,0.53,0,Low,11.1
2020-12-14,Kochi (Kerala),1.1,1.6,62.9,34.5,5.4,1013.4,19.2,0.88,0.67,0,Low,10.1
2020-12-16,Navi Mumbai,0.3,0.4,68.0,28.2,4.8,1014.6,30.0,2.03,0.52,0,Low,12.5
2020-12-18,Chennai,168.5,412.9,93.7,25.7,11.7,997.3,92.0,7.72,0.39,1,Critical,85.4
2020-12-20,Raigad,0.1,1.7,51.6,29.3,3.3,1013.0,30.8,0.51,0.41,0,Low,5.8
2020-12-21,Ratnagiri,0.7,0.8,59.9,36.6,2.5,1014.4,23.7,0.81,0.64,0,Low,6.4
2020-12-23,Guwahati (Assam),0.7,3.1,53.5,31.5,3.2,1012.3,17.1,2.0,0.36,0,Low,14.7
2020-12-24,Guwahati (Assam),3.8,4.4,47.2,33.1,5.0,1011.6,40.4,1.76,0.36,0,Low,15.1
2020-12-26,Navi Mumbai,0.8,2.1,36.6,29.7,4.7,1008.8,25.4,1.95,0.52,0,Low,12.6
2020-12-27,Kochi (Kerala),12.9,21.7,78.8,29.5,5.7,1011.3,51.1,2.31,0.61,0,Low,19.8
2020-12-28,Navi Mumbai,0.2,0.5,52.7,36.4,2.7,1013.2,21.7,0.56,0.62,0,Low,8.9
2020-12-29,Ratnagiri,0.3,1.2,51.6,34.5,2.0,1011.5,26.0,1.32,0.61,0,Low,13.2
2020-12-30,Guwahati (Assam),0.3,3.6,57.9,33.0,4.3,1010.4,33.0,1.39,0.36,0,Low,13.6
2020-12-31,Guwahati (Assam),32.7,46.5,66.3,28.7,6.8,1012.0,55.5,2.49,0.28,0,Low,26.3
2021-01-01,Guwahati (Assam),0.8,5.4,64.6,34.2,4.9,1010.6,21.5,1.21,0.38,0,Low,12.7
2021-01-03,Chennai,0.2,0.9,53.9,32.0,2.9,1010.2,35.2,2.02,0.36,0,Low,13.9
2021-01-05,Guwahati (Assam),2.0,2.3,39.3,31.1,4.7,1009.8,30.0,1.4,0.41,0,Low,14.5
2021-01-07,Chennai,3.0,3.7,57.9,28.1,3.0,1013.9,24.5,1.42,0.34,0,Low,14.9
2021-01-08,Ratnagiri,2.4,4.1,59.4,34.0,2.9,1011.3,30.4,1.77,0.55,0,Low,14.9
2021-01-09,Kochi (Kerala),0.9,4.3,65.7,32.9,4.1,1010.7,39.4,0.67,0.58,0,Low,12.0
2021-01-10,Mumbai,30.6,48.5,71.2,26.5,5.2,1007.1,55.0,1.91,0.4,0,Low,24.2
2021-01-11,Guwahati (Assam),1.4,1.6,46.1,28.8,5.3,1015.0,36.8,1.28,0.34,0,Low,10.4
2021-01-12,Thane,1.2,7.0,35.1,30.1,5.3,1014.7,27.9,2.19,0.46,0,Low,13.5
2021-01-14,Chennai,34.8,45.9,69.3,29.3,4.5,1009.5,39.9,1.8,0.37,0,Low,24.3
2021-01-16,Chennai,24.3,44.3,69.3,27.7,3.8,1007.7,55.4,3.07,0.39,0,Low,26.4
2021-01-18,Chennai,0.2,4.3,56.0,29.5,3.2,1014.0,22.8,1.75,0.38,0,Low,14.1
2021-01-20,Thane,0.1,1.0,50.9,32.5,2.8,1013.7,40.3,1.87,0.48,0,Low,13.3
2021-01-21,Chennai,2.6,3.3,48.1,30.9,3.4,1014.8,22.7,2.13,0.41,0,Low,12.8
2021-01-22,Ratnagiri,1.1,1.2,38.6,30.0,3.4,1015.2,35.0,1.22,0.59,0,Low,8.7
2021-01-24,Raigad,2.2,2.3,35.4,35.2,3.4,1010.2,18.5,0.9,0.44,0,Low,10.9
2021-01-26,Chennai,1.1,8.5,66.9,29.9,4.7,1011.3,33.3,1.19,0.49,0,Low,11.4
2021-01-28,Ratnagiri,3.5,3.8,47.1,33.6,2.1,1012.5,41.1,2.06,0.64,0,Low,11.5
2021-01-29,Raigad,21.2,35.2,66.1,27.4,7.7,1009.3,38.4,2.26,0.44,0,Low,20.4
2021-01-30,Navi Mumbai,3.6,5.6,37.4,36.2,5.3,1014.1,17.1,1.41,0.48,0,Low,9.5
2021-01-31,Chennai,0.3,2.0,66.6,32.5,1.8,1009.4,38.1,1.24,0.32,0,Low,17.2
2021-02-01,Navi Mumbai,2.2,2.8,60.3,29.9,2.8,1011.5,27.6,2.1,0.52,0,Low,12.2
2021-02-02,Guwahati (Assam),1.1,2.3,64.7,36.4,3.0,1014.4,36.8,0.51,0.33,0,Low,11.4
2021-02-04,Mumbai,0.4,0.8,36.2,33.8,2.6,1009.0,16.4,0.89,0.41,0,Low,12.6
2021-02-05,Ratnagiri,1.0,2.1,67.3,29.8,2.4,1010.8,25.2,2.05,0.62,0,Low,12.4
2021-02-06,Raigad,4.1,4.2,41.9,33.1,4.0,1016.0,16.1,1.19,0.43,0,Low,14.1
2021-02-08,Kochi (Kerala),1.5,2.3,38.1,31.8,2.0,1012.4,23.6,1.8,0.7,0,Low,11.3
2021-02-09,Thane,2.5,6.5,57.2,28.4,3.8,1012.5,35.6,0.73,0.38,0,Low,12.6
2021-02-10,Raigad,0.0,2.8,50.6,32.0,1.5,1011.5,29.6,1.65,0.49,0,Low,14.8
2021-02-12,Thane,1.1,2.1,66.5,33.8,2.7,1012.6,18.4,1.93,0.48,0,Low,16.6
2021-02-14,Mumbai,21.8,29.8,74.0,26.4,5.1,1003.5,54.5,2.96,0.39,0,Moderate,31.8
2021-02-16,Chennai,4.1,7.7,62.8,30.7,3.2,1009.7,27.7,0.77,0.41,0,Low,11.6
2021-02-17,Chennai,0.1,5.4,54.1,34.0,5.1,1014.9,16.0,0.82,0.36,0,Low,8.3
2021-02-19,Thane,0.6,1.5,52.6,28.0,2.5,1013.8,20.6,0.93,0.51,0,Low,8.7
2021-02-21,Ratnagiri,14.8,27.4,78.0,27.4,3.4,1012.2,50.1,2.94,0.64,0,Low,19.2
2021-02-23,Thane,11.0,30.8,70.8,26.9,6.3,1015.3,44.3,2.62,0.47,0,Low,16.3
2021-02-25,Chennai,2.7,3.3,49.8,32.8,4.2,1011.5,32.4,0.76,0.51,0,Low,13.1
2021-02-27,Thane,2.0,2.0,41.8,32.4,5.0,1013.8,29.2,2.08,0.47,0,Low,9.2
2021-03-01,Ratnagiri,0.2,3.4,43.1,36.1,5.1,1012.6,33.3,1.82,0.44,0,Low,14.1
2021-03-03,Guwahati (Assam),0.1,1.5,40.1,29.6,3.0,1010.5,26.7,1.56,0.36,0,Low,13.5
2021-03-04,Ratnagiri,0.3,2.0,56.0,33.0,4.5,1014.8,26.7,1.32,0.56,0,Low,9.2
2021-03-05,Mumbai,0.6,0.8,38.0,36.3,4.3,1015.6,18.4,1.11,0.51,0,Low,12.0
2021-03-07,Ratnagiri,0.1,0.6,64.4,28.1,2.3,1012.7,22.1,0.61,0.62,0,Low,9.7
2021-03-09,Kochi (Kerala),28.0,46.8,71.1,27.1,5.6,1011.4,58.0,2.93,0.64,0,Low,25.3
2021-03-10,Mumbai,24.3,42.9,66.8,29.2,7.4,1007.7,39.6,2.19,0.43,0,Low,16.3
2021-03-12,Navi Mumbai,17.1,29.0,75.1,27.0,5.4,1008.6,54.2,3.01,0.57,0,Low,27.2
2021-03-14,Ratnagiri,13.2,32.4,67.0,30.6,4.3,1009.4,54.6,2.11,0.66,0,Low,20.7
2021-03-16,Kochi (Kerala),2.2,2.4,66.8,36.0,2.6,1010.5,37.2,1.38,0.75,0,Low,6.9
2021-03-18,Kochi (Kerala),1.3,3.9,48.6,33.7,4.3,1012.1,38.2,1.28,0.63,0,Low,10.3
2021-03-20,Guwahati (Assam),1.0,5.4,47.5,34.7,1.9,1010.9,27.9,2.19,0.31,0,Low,14.6
2021-03-22,Guwahati (Assam),22.5,31.0,71.1,30.7,6.9,1004.7,49.0,2.65,0.38,0,Low,28.7
2021-03-24,Kochi (Kerala),1.1,1.5,61.8,32.9,2.0,1018.1,35.7,2.09,0.62,0,Low,12.0
2021-03-25,Ratnagiri,0.2,1.7,38.7,36.4,2.2,1011.4,25.3,1.85,0.63,0,Low,8.1
2021-03-27,Chennai,0.5,1.9,39.9,33.5,3.8,1012.2,34.3,2.09,0.34,0,Low,13.3
2021-03-28,Kochi (Kerala),0.5,5.0,67.1,35.7,1.9,1012.3,15.3,1.25,0.63,0,Low,12.0
2021-03-30,Ratnagiri,0.6,1.9,55.2,35.8,4.1,1011.3,26.7,1.89,0.6,0,Low,8.8
2021-04-01,Kochi (Kerala),0.1,2.3,63.5,29.5,4.7,1013.4,23.7,1.44,0.66,0,Low,9.8
2021-04-03,Guwahati (Assam),0.4,0.8,57.1,28.0,4.7,1015.9,17.1,0.83,0.33,0,Low,11.1
2021-04-04,Kochi (Kerala),0.7,1.5,66.8,33.8,1.6,1014.5,23.1,0.66,0.53,0,Low,9.5
2021-04-05,Guwahati (Assam),24.3,30.1,67.1,29.7,4.0,1012.5,49.1,2.56,0.38,0,Low,22.9
2021-04-06,Mumbai,2.8,5.4,37.6,29.0,3.5,1012.4,24.8,1.59,0.45,0,Low,9.8
2021-04-07,Navi Mumbai,0.5,4.9,36.3,36.2,4.8,1010.4,23.0,1.84,0.54,0,Low,8.6
2021-04-08,Chennai,0.7,0.8,67.6,28.4,4.1,1013.8,21.6,1.4,0.41,0,Low,12.7
2021-04-09,Ratnagiri,0.1,0.5,42.1,34.6,2.3,1012.2,30.5,0.87,0.69,0,Low,3.5
2021-04-10,Mumbai,0.4,0.5,43.9,33.9,3.6,1012.2,33.7,1.33,0.46,0,Low,12.6
2021-04-11,Kochi (Kerala),0.9,2.2,58.3,36.5,2.8,1012.7,16.1,1.34,0.56,0,Low,8.6
2021-04-13,Guwahati (Assam),2.1,10.5,66.2,29.8,5.0,1011.7,29.6,1.94,0.36,0,Low,19.5
2021-04-14,Chennai,1.0,2.7,41.2,36.1,4.2,1011.8,32.1,0.67,0.28,0,Low,9.8
2021-04-16,Raigad,0.1,1.6,48.3,33.3,1.9,1010.0,41.7,1.45,0.51,0,Low,12.2
2021-04-17,Chennai,0.1,7.5,44.4,31.8,4.1,1014.9,15.7,1.88,0.34,0,Low,10.3
2021-04-18,Navi Mumbai,0.1,0.5,64.5,34.2,2.5,1012.9,30.5,1.19,0.56,0,Low,9.9
2021-04-20,Raigad,1.7,8.8,40.8,33.4,3.2,1011.3,27.1,0.93,0.44,0,Low,11.2
2021-04-21,Chennai,1.2,1.9,41.0,28.8,4.4,1013.7,25.5,1.21,0.47,0,Low,8.6
2021-04-23,Chennai,0.2,0.9,56.9,34.0,2.6,1011.5,27.4,0.83,0.29,0,Low,12.5
2021-04-25,Ratnagiri,0.4,1.1,39.2,33.8,1.8,1013.2,24.2,1.7,0.61,0,Low,8.4
2021-04-26,Navi Mumbai,1.6,1.8,52.7,31.9,2.6,1013.3,31.3,1.98,0.47,0,Low,10.4
2021-04-28,Chennai,0.4,1.7,47.1,36.2,3.0,1009.7,37.6,1.61,0.38,0,Low,11.1
2021-04-29,Mumbai,2.6,2.7,63.7,32.6,3.1,1014.7,28.4,1.63,0.37,0,Low,10.0
2021-05-01,Navi Mumbai,0.2,1.4,51.4,31.6,4.2,1013.5,31.2,1.87,0.52,0,Low,11.9
2021-05-02,Kochi (Kerala),18.4,31.9,77.9,26.5,3.4,1006.8,56.7,2.1,0.64,0,Low,24.0
2021-05-03,Mumbai,2.7,3.0,39.3,33.0,5.3,1009.0,31.4,2.08,0.55,0,Low,12.1
2021-05-05,Guwahati (Assam),0.5,1.0,61.0,28.5,3.0,1013.3,28.7,1.45,0.41,0,Low,11.0
2021-05-07,Navi Mumbai,25.3,39.1,73.2,29.8,4.3,1009.0,56.5,2.78,0.62,0,Low,21.8
2021-05-08,Mumbai,20.1,31.0,67.9,26.4,6.0,1011.9,59.8,2.03,0.42,0,Low,24.8
2021-05-09,Kochi (Kerala),27.6,46.8,71.1,30.0,5.3,1007.0,42.1,2.51,0.62,0,Low,26.1
2021-05-11,Thane,28.4,43.4,66.7,30.3,5.5,1009.3,57.7,3.09,0.55,0,Low,26.5
2021-05-12,Raigad,1.2,1.5,59.6,28.1,2.2,1015.8,39.7,1.7,0.48,0,Low,13.9
2021-05-14,Chennai,0.0,0.3,52.6,34.1,3.2,1015.7,34.7,1.39,0.35,0,Low,13.6
2021-05-15,Thane,3.4,3.7,67.7,29.9,1.5,1010.5,30.7,2.04,0.52,0,Low,16.0
2021-05-16,Kochi (Kerala),0.3,2.3,46.1,29.9,2.8,1010.1,19.8,2.03,0.71,0,Low,8.8
2021-05-17,Ratnagiri,0.9,1.7,59.6,36.7,3.3,1012.9,19.2,1.67,0.57,0,Low,14.0
2021-05-19,Chennai,3.3,4.5,64.7,34.8,3.5,1012.9,31.3,1.05,0.51,0,Low,11.3
2021-05-21,Raigad,1.5,1.6,35.8,32.1,2.8,1009.2,19.4,1.67,0.49,0,Low,12.1
2021-05-23,Kochi (Kerala),0.6,2.4,37.4,29.3,1.8,1012.6,36.9,1.78,0.58,0,Low,12.6
2021-05-24,Chennai,1.7,3.0,56.2,28.3,4.0,1012.5,24.7,0.97,0.45,0,Low,14.4
2021-05-25,Raigad,3.1,3.9,60.4,33.1,5.0,1014.5,29.3,1.38,0.57,0,Low,14.4
2021-05-27,Navi Mumbai,5.0,5.2,36.8,36.4,3.6,1011.8,17.5,1.81,0.57,0,Low,16.8
2021-05-29,Thane,0.5,4.1,37.4,35.9,2.5,1014.7,31.0,2.09,0.44,0,Low,11.2
2021-05-30,Navi Mumbai,1.8,2.6,44.1,37.0,4.5,1009.8,16.3,0.55,0.64,0,Low,11.6
2021-06-01,Raigad,79.6,206.9,84.3,25.7,7.9,1003.9,78.3,4.13,0.58,0,Moderate,49.5
2021-06-02,Raigad,44.6,86.8,87.1,25.0,8.1,1005.6,73.7,3.31,0.54,0,Moderate,35.8
2021-06-04,Thane,50.0,174.8,84.9,26.9,13.3,1003.2,74.9,5.2,0.42,0,Moderate,49.0
2021-06-05,Chennai,19.9,69.3,78.9,27.3,7.3,1007.3,61.1,3.49,0.36,0,Moderate,30.4
2021-06-06,Kochi (Kerala),57.1,151.1,86.5,27.4,8.1,1000.6,84.3,5.61,0.67,0,Moderate,51.5
2021-06-08,Kochi (Kerala),17.6,53.3,84.3,28.3,7.4,1004.0,57.1,3.58,0.59,0,Low,26.5
2021-06-10,Chennai,134.9,300.3,92.7,23.1,13.1,998.1,92.0,7.56,0.49,1,High,70.2
2021-06-11,Ratnagiri,117.5,360.6,90.1,27.3,14.4,999.9,84.2,6.84,0.66,1,High,69.2
2021-06-13,Raigad,27.9,74.0,84.5,25.0,9.2,1006.6,58.3,2.85,0.43,0,Low,29.1
2021-06-14,Thane,18.2,67.0,86.1,26.3,4.1,1005.6,59.6,3.27,0.46,0,Low,28.8
2021-06-16,Raigad,25.6,60.8,80.4,28.6,6.5,1008.2,72.1,3.92,0.51,0,Moderate,35.7
2021-06-18,Navi Mumbai,17.9,45.9,80.4,26.0,8.8,1005.6,67.1,3.54,0.45,0,Low,29.7
2021-06-20,Ratnagiri,81.3,176.5,84.7,26.1,12.6,1002.1,80.6,5.5,0.65,0,Moderate,50.8
2021-06-22,Ratnagiri,15.4,47.5,84.1,29.0,5.6,999.2,63.2,2.85,0.6,0,Moderate,30.2
2021-06-23,Raigad,224.9,510.3,94.1,24.8,19.1,989.6,99.3,8.22,0.49,1,Critical,91.6
2021-06-25,Kochi (Kerala),115.7,353.2,90.3,27.2,18.0,1005.3,90.5,6.39,0.58,1,High,71.9
2021-06-27,Kochi (Kerala),119.3,303.3,94.4,27.0,10.9,998.4,92.2,5.98,0.63,0,High,65.4
2021-06-29,Thane,72.0,144.0,89.0,27.6,9.5,1006.4,81.9,4.88,0.43,0,Moderate,49.9
2021-07-01,Ratnagiri,81.7,159.4,86.7,27.6,6.4,1002.1,85.9,4.23,0.63,0,Moderate,49.8
2021-07-03,Chennai,29.8,85.0,80.4,27.7,4.3,1004.1,57.3,3.12,0.46,0,Moderate,32.8
2021-07-04,Guwahati (Assam),59.8,126.2,93.4,25.2,12.8,1005.6,84.1,5.39,0.42,0,Moderate,51.0
2021-07-06,Raigad,92.3,200.0,87.4,25.2,7.0,1010.4,77.0,4.86,0.48,0,Moderate,51.8
2021-07-07,Ratnagiri,187.1,330.0,93.1,23.6,15.6,993.7,91.3,7.64,0.67,1,Critical,83.8
2021-07-09,Mumbai,225.4,740.3,97.2,25.0,25.8,989.6,93.0,9.23,0.42,1,Critical,94.9
2021-07-11,Ratnagiri,137.0,261.6,93.4,27.0,18.8,998.3,90.4,5.87,0.58,1,High,69.1
2021-07-13,Navi Mumbai,127.3,376.3,96.1,26.3,16.4,996.1,90.9,6.01,0.6,1,High,72.2
2021-07-14,Raigad,38.5,76.6,85.3,29.2,7.6,1005.2,59.6,2.91,0.57,0,Moderate,30.2
2021-07-16,Thane,136.9,286.2,93.6,27.1,10.9,1001.1,85.0,7.62,0.46,1,High,75.3
2021-07-18,Guwahati (Assam),91.6,172.2,90.9,24.2,12.7,1005.7,78.3,5.15,0.25,0,Moderate,56.8
2021-07-19,Chennai,176.8,363.0,94.9,25.1,18.0,1001.9,92.0,6.44,0.35,1,Critical,80.6
2021-07-20,Kochi (Kerala),39.8,68.9,81.8,29.0,5.9,1002.5,67.8,2.87,0.63,0,Moderate,34.1
2021-07-22,Ratnagiri,18.0,48.9,86.1,26.7,9.4,1003.7,69.2,2.55,0.59,0,Low,29.8
2021-07-24,Mumbai,469.3,918.0,98.8,23.8,19.4,990.4,93.8,9.28,0.44,1,Critical,97.3
2021-07-26,Kochi (Kerala),22.7,80.6,77.2,29.8,4.1,1000.8,64.0,3.36,0.69,0,Moderate,31.7
2021-07-28,Navi Mumbai,37.0,84.4,85.8,26.2,7.4,1002.3,66.7,3.05,0.45,0,Moderate,32.3
2021-07-30,Ratnagiri,57.8,134.9,85.1,27.1,11.3,1002.5,80.2,5.76,0.59,0,Moderate,51.6
2021-07-31,Guwahati (Assam),54.6,129.9,88.4,26.6,12.5,1003.2,85.8,4.7,0.4,0,Moderate,46.8
2021-08-02,Mumbai,29.8,79.5,85.0,27.5,5.7,1002.0,69.6,2.86,0.47,0,Moderate,34.0
2021-08-03,Chennai,23.7,68.9,76.5,28.3,5.6,1002.8,55.0,2.69,0.41,0,Moderate,31.4
2021-08-05,Thane,83.5,221.2,87.7,27.1,6.5,1004.2,79.5,4.52,0.44,0,Moderate,53.3
2021-08-07,Ratnagiri,85.5,175.4,93.5,24.1,8.4,1001.1,84.9,4.58,0.62,1,Moderate,53.7
2021-08-09,Guwahati (Assam),39.7,63.8,87.3,29.0,5.0,1004.0,63.0,3.67,0.27,0,Moderate,40.6
2021-08-10,Mumbai,26.3,60.8,75.7,28.4,6.4,999.5,58.9,3.72,0.42,0,Moderate,34.6
2021-08-11,Kochi (Kerala),138.9,348.2,92.3,24.1,16.6,995.5,86.4,7.65,0.72,1,High,74.7
2021-08-12,Ratnagiri,98.0,189.6,87.4,24.9,9.0,1003.9,76.4,5.22,0.49,1,Moderate,56.0
2021-08-14,Chennai,17.0,44.7,80.3,29.7,6.1,1003.0,57.5,2.59,0.32,0,Moderate,31.2
2021-08-15,Chennai,20.2,70.6,75.2,27.8,6.1,1004.8,65.1,3.34,0.36,0,Moderate,31.1
2021-08-17,Chennai,37.0,91.9,77.5,25.5,8.9,1007.7,62.2,2.69,0.35,0,Low,28.9
2021-08-19,Ratnagiri,61.2,157.3,92.0,26.7,6.8,1010.0,79.7,5.26,0.64,0,Moderate,47.2
2021-08-20,Chennai,127.2,346.6,95.4,23.1,13.7,1001.9,86.2,6.86,0.46,1,High,69.9
2021-08-21,Navi Mumbai,135.1,392.4,94.9,26.6,10.8,997.2,85.8,7.24,0.6,1,High,78.9
2021-08-23,Kochi (Kerala),35.9,69.6,76.4,25.3,7.2,1010.2,65.2,3.13,0.57,0,Moderate,30.9
2021-08-25,Navi Mumbai,141.8,398.4,97.0,24.5,15.3,997.8,92.5,6.51,0.53,1,High,78.8
2021-08-27,Kochi (Kerala),170.5,300.4,91.5,26.5,17.6,1002.9,84.3,7.41,0.65,1,High,76.9
2021-08-29,Kochi (Kerala),401.3,692.2,94.2,22.9,17.3,994.1,94.5,9.05,0.62,1,Critical,83.3
2021-08-31,Thane,283.1,512.7,97.6,23.8,18.9,992.5,98.4,9.33,0.54,1,Critical,93.5
2021-09-01,Navi Mumbai,61.3,156.6,84.7,27.7,7.0,1000.9,84.6,5.56,0.57,0,Moderate,55.4
2021-09-03,Ratnagiri,33.6,85.7,80.6,28.9,6.5,1005.9,64.3,3.68,0.59,0,Moderate,35.2
2021-09-04,Kochi (Kerala),59.9,157.3,93.7,27.4,12.5,1006.6,72.5,4.84,0.66,0,Moderate,46.4
2021-09-05,Chennai,52.7,180.9,89.5,24.9,8.5,1003.7,72.7,4.29,0.42,0,Moderate,42.8
2021-09-06,Chennai,62.8,159.1,89.2,27.4,9.6,1003.7,83.1,5.11,0.39,0,Moderate,47.7
2021-09-07,Thane,90.9,197.4,87.9,24.8,7.8,998.1,79.2,4.31,0.42,1,Moderate,59.1
2021-09-09,Kochi (Kerala),135.6,324.4,97.8,24.5,15.4,999.3,84.9,6.89,0.7,0,High,72.9
2021-09-11,Mumbai,36.1,79.7,80.8,29.3,9.3,1007.9,66.7,3.31,0.48,0,Moderate,33.8
2021-09-13,Chennai,50.2,129.5,89.1,25.7,9.6,1002.4,85.7,4.63,0.33,0,Moderate,47.4
2021-09-15,Guwahati (Assam),118.8,347.4,94.6,26.4,11.3,993.0,86.3,5.53,0.34,1,High,73.6
2021-09-16,Thane,56.4,195.3,87.1,24.6,7.6,1000.9,80.2,4.12,0.46,0,Moderate,48.8
2021-09-18,Ratnagiri,15.7,61.3,80.4,26.4,5.1,1003.6,58.6,3.53,0.52,0,Moderate,34.0
2021-09-20,Ratnagiri,18.5,69.9,83.8,25.6,7.8,1006.5,63.8,3.92,0.66,0,Moderate,31.7
2021-09-22,Guwahati (Assam),71.0,207.5,87.3,28.3,13.2,1005.3,85.9,4.45,0.3,1,Moderate,52.5
2021-09-24,Navi Mumbai,138.6,260.7,91.8,24.3,14.0,989.3,85.7,7.51,0.59,1,High,74.6
2021-09-25,Kochi (Kerala),167.0,378.5,97.6,23.0,12.2,1001.0,84.9,6.68,0.66,1,High,77.7
2021-09-27,Ratnagiri,39.3,64.7,81.1,29.7,5.0,1004.6,74.6,3.99,0.57,0,Moderate,35.3
2021-09-29,Ratnagiri,295.3,655.4,95.9,23.3,27.6,992.8,92.0,9.71,0.61,1,Critical,88.5
2021-10-01,Mumbai,0.3,2.4,58.5,34.2,2.8,1013.4,21.8,2.13,0.44,0,Low,13.8
2021-10-03,Navi Mumbai,31.2,43.0,71.4,26.9,5.1,1008.0,47.8,2.89,0.59,0,Low,24.5
2021-10-04,Navi Mumbai,3.6,3.6,53.4,35.1,3.7,1015.4,23.7,0.73,0.6,0,Low,8.9
2021-10-06,Kochi (Kerala),3.2,5.0,57.2,35.2,4.1,1013.2,36.7,1.14,0.7,0,Low,4.3
2021-10-07,Thane,3.7,3.9,56.4,31.7,3.1,1012.1,33.3,0.61,0.44,0,Low,13.8
2021-10-09,Mumbai,2.6,3.0,64.6,33.9,5.0,1018.4,39.8,2.03,0.47,0,Low,12.0
2021-10-11,Thane,19.8,30.6,69.3,27.6,7.3,1008.0,39.5,2.75,0.39,0,Low,21.2
2021-10-13,Raigad,0.1,0.7,60.4,36.0,2.4,1008.6,38.6,1.8,0.45,0,Low,10.1
2021-10-14,Navi Mumbai,31.2,36.3,71.0,31.4,6.7,1009.4,49.9,2.54,0.65,0,Low,23.3
2021-10-15,Chennai,387.0,745.1,98.3,25.9,17.0,982.6,97.2,8.42,0.29,1,Critical,94.0
2021-10-16,Thane,0.8,5.6,67.8,29.0,2.4,1013.1,40.7,2.13,0.52,0,Low,14.1
2021-10-17,Kochi (Kerala),2.8,2.8,54.9,30.5,4.9,1014.5,33.2,0.88,0.58,0,Low,7.3
2021-10-19,Chennai,23.7,76.1,85.4,27.3,7.3,1004.9,67.1,3.74,0.4,0,Moderate,32.3
2021-10-21,Raigad,0.5,2.0,49.8,32.0,1.9,1010.7,20.3,1.2,0.47,0,Low,13.3
2021-10-22,Navi Mumbai,0.7,1.9,52.7,29.8,2.1,1009.6,38.8,1.24,0.57,0,Low,10.7
2021-10-24,Raigad,1.0,2.6,53.4,34.4,2.2,1014.0,40.6,0.73,0.5,0,Low,8.7
2021-10-26,Guwahati (Assam),0.1,0.9,39.7,34.4,3.6,1012.5,18.9,0.52,0.28,0,Low,9.9
2021-10-28,Navi Mumbai,1.4,2.2,54.3,30.8,1.8,1011.2,26.6,1.62,0.57,0,Low,11.0
2021-10-29,Kochi (Kerala),4.9,6.7,50.5,33.2,5.2,1013.4,37.4,1.05,0.77,0,Low,6.7
2021-10-30,Chennai,346.2,811.7,97.0,22.3,24.4,988.7,97.0,9.08,0.36,1,Critical,97.1
2021-11-01,Ratnagiri,3.2,4.6,45.3,34.8,2.4,1013.0,25.5,1.97,0.7,0,Low,9.5
2021-11-03,Raigad,0.4,1.3,44.4,29.6,4.5,1011.9,25.4,2.17,0.58,0,Low,9.2
2021-11-05,Thane,0.1,1.9,54.8,31.8,3.2,1012.1,16.5,1.38,0.44,0,Low,9.9
2021-11-06,Mumbai,0.2,0.5,38.3,33.5,2.3,1011.1,40.9,1.95,0.45,0,Low,12.3
2021-11-07,Guwahati (Assam),0.4,1.8,35.6,34.0,3.6,1010.2,39.3,0.78,0.31,0,Low,13.1
2021-11-09,Thane,0.2,1.2,40.6,30.3,2.6,1008.3,40.6,0.71,0.51,0,Low,13.6
2021-11-10,Chennai,248.6,751.7,95.9,25.0,22.4,995.4,95.5,9.33,0.37,1,Critical,91.3
2021-11-12,Thane,1.7,6.2,36.9,29.3,4.4,1008.4,18.7,1.36,0.49,0,Low,10.1
2021-11-13,Raigad,2.2,2.8,50.9,36.9,4.2,1010.4,37.7,1.21,0.5,0,Low,11.6
2021-11-14,Raigad,0.8,4.5,46.4,33.9,4.3,1008.9,30.6,1.08,0.48,0,Low,14.4
2021-11-15,Thane,1.6,2.4,47.9,30.4,2.9,1013.9,26.1,1.72,0.46,0,Low,13.8
2021-11-16,Raigad,0.1,1.5,54.3,36.3,1.7,1014.7,21.5,1.99,0.5,0,Low,13.2
2021-11-17,Navi Mumbai,0.9,1.0,65.4,32.2,1.6,1013.6,33.6,1.32,0.56,0,Low,10.5
2021-11-18,Guwahati (Assam),0.1,1.8,55.5,32.6,4.8,1013.1,15.3,1.68,0.33,0,Low,15.8
2021-11-20,Ratnagiri,1.6,2.5,65.3,29.2,4.2,1008.6,15.1,2.07,0.68,0,Low,11.5
2021-11-21,Kochi (Kerala),15.4,29.2,71.6,26.2,4.6,1010.5,53.9,2.78,0.58,0,Low,24.2
2021-11-22,Chennai,65.0,191.5,93.8,26.2,6.1,1002.2,74.0,4.58,0.37,0,Moderate,49.2
2021-11-24,Ratnagiri,4.3,5.2,65.1,35.0,4.5,1015.7,32.2,1.57,0.61,0,Low,14.5
2021-11-25,Navi Mumbai,2.0,5.0,63.8,29.9,1.8,1012.6,28.0,1.37,0.56,0,Low,11.3
2021-11-26,Raigad,1.3,2.8,36.3,33.5,4.8,1013.1,31.0,0.78,0.56,0,Low,6.2
2021-11-27,Thane,0.3,2.5,55.1,33.8,1.9,1011.4,39.1,1.16,0.41,0,Low,11.6
2021-11-28,Mumbai,0.7,4.7,65.7,30.7,5.0,1013.4,22.4,1.9,0.35,0,Low,11.8
2021-11-29,Ratnagiri,18.5,28.3,74.7,31.1,6.0,1008.8,56.8,2.17,0.6,0,Low,16.9
2021-11-30,Guwahati (Assam),0.0,1.6,56.8,33.3,4.4,1011.1,18.1,1.51,0.4,0,Low,13.8
2021-12-01,Navi Mumbai,0.8,2.4,45.8,34.5,4.1,1012.1,24.0,1.78,0.53,0,Low,14.7
2021-12-03,Chennai,359.4,583.2,98.2,23.7,27.3,992.3,93.9,8.25,0.47,1,Critical,94.6
2021-12-04,Kochi (Kerala),0.5,1.9,40.5,36.8,1.9,1008.3,40.2,2.05,0.63,0,Low,16.6
2021-12-05,Navi Mumbai,0.9,2.9,46.2,30.7,3.8,1017.9,22.7,1.12,0.56,0,Low,9.6
2021-12-06,Raigad,0.2,3.6,36.3,33.9,2.6,1012.2,38.5,1.32,0.49,0,Low,11.1
2021-12-07,Raigad,0.7,2.4,38.8,37.0,3.2,1015.1,24.8,1.92,0.4,0,Low,11.0
2021-12-09,Ratnagiri,0.2,3.9,59.3,29.9,2.1,1011.8,23.5,2.16,0.69,0,Low,11.6
2021-12-10,Mumbai,0.0,1.0,53.9,36.6,3.6,1012.9,16.1,1.04,0.37,0,Low,14.4
2021-12-11,Navi Mumbai,2.9,3.4,42.3,29.8,5.2,1012.7,38.0,1.82,0.58,0,Low,11.8
2021-12-12,Navi Mumbai,21.6,30.4,72.6,26.2,3.7,1009.8,47.3,2.52,0.43,0,Low,23.6
2021-12-13,Kochi (Kerala),2.3,5.2,58.8,29.8,2.9,1011.0,27.7,1.06,0.72,0,Low,8.2
2021-12-15,Chennai,57.6,149.5,93.8,25.0,10.9,1000.9,78.8,5.26,0.46,0,Moderate,50.5
2021-12-17,Thane,17.2,23.5,79.0,28.3,5.9,1009.1,55.4,2.25,0.53,0,Low,21.4
2021-12-18,Navi Mumbai,0.5,0.8,61.8,30.0,4.4,1012.6,29.6,1.28,0.57,0,Low,12.3
2021-12-20,Mumbai,1.4,9.9,65.9,35.8,5.1,1008.4,27.6,1.62,0.44,0,Low,15.0
2021-12-22,Mumbai,4.9,6.0,54.8,34.4,5.3,1014.1,29.1,0.96,0.49,0,Low,9.4
2021-12-24,Chennai,167.9,333.1,93.9,25.8,13.6,1002.8,86.0,7.71,0.41,1,Critical,82.5
2021-12-25,Navi Mumbai,0.8,1.7,48.4,31.7,3.7,1012.1,18.6,1.34,0.55,0,Low,17.1
2021-12-26,Raigad,4.0,5.9,56.8,31.6,5.1,1012.4,32.2,1.81,0.5,0,Low,14.2
2021-12-27,Ratnagiri,2.6,6.4,40.7,30.4,2.6,1013.9,15.9,0.63,0.59,0,Low,7.4
2021-12-28,Chennai,62.8,186.6,89.6,24.0,9.4,1001.2,77.7,4.21,0.36,0,Moderate,52.9
2021-12-29,Chennai,36.6,85.7,75.0,29.8,8.5,1007.8,73.9,3.16,0.45,0,Moderate,39.2
2021-12-31,Navi Mumbai,4.1,4.3,51.5,34.2,4.7,1017.4,30.7,2.05,0.52,0,Low,12.5
2022-01-02,Mumbai,0.6,2.1,65.1,35.6,2.0,1012.9,29.4,0.95,0.45,0,Low,9.8
2022-01-03,Thane,0.7,3.4,50.7,29.1,5.2,1012.0,27.3,1.75,0.53,0,Low,12.2
2022-01-04,Thane,0.2,1.6,57.8,31.0,4.3,1014.7,28.3,2.06,0.48,0,Low,15.4
2022-01-06,Kochi (Kerala),0.3,1.0,36.4,33.7,2.5,1011.2,23.2,1.81,0.5,0,Low,9.9
2022-01-08,Thane,0.3,3.3,39.3,32.1,3.5,1014.5,36.9,0.58,0.44,0,Low,12.0
2022-01-09,Navi Mumbai,0.2,0.9,45.2,32.7,4.2,1010.6,25.3,1.72,0.5,0,Low,10.2
2022-01-11,Chennai,1.2,1.2,37.6,31.8,5.3,1011.6,37.9,1.74,0.35,0,Low,14.1
2022-01-12,Raigad,0.8,1.3,51.9,32.9,3.7,1013.3,30.3,2.11,0.56,0,Low,11.9
2022-01-13,Kochi (Kerala),1.0,4.7,51.7,34.7,2.1,1014.2,19.4,1.1,0.63,0,Low,7.5
2022-01-15,Thane,1.8,2.7,53.3,28.9,4.7,1009.9,25.0,1.6,0.44,0,Low,12.2
2022-01-16,Navi Mumbai,3.2,5.1,49.1,29.6,5.3,1011.0,24.1,1.88,0.58,0,Low,14.2
2022-01-17,Mumbai,21.0,36.7,70.8,27.3,6.2,1010.9,59.5,2.23,0.5,0,Low,27.9
2022-01-18,Mumbai,1.2,4.9,60.1,28.5,5.5,1013.6,32.6,1.96,0.43,0,Low,14.7
2022-01-20,Kochi (Kerala),31.9,39.9,66.2,30.7,7.2,1007.0,41.6,3.0,0.63,0,Low,23.3
2022-01-21,Thane,2.7,3.8,41.4,30.6,3.5,1015.3,36.4,1.49,0.58,0,Low,10.8
2022-01-22,Chennai,0.1,4.2,37.5,30.2,4.3,1013.6,26.1,1.99,0.37,0,Low,14.7
2022-01-24,Chennai,0.7,2.2,63.9,36.2,2.6,1017.1,40.6,2.2,0.31,0,Low,12.4
2022-01-26,Navi Mumbai,0.7,0.7,35.3,32.1,3.5,1010.7,15.6,1.67,0.59,0,Low,12.2
2022-01-27,Mumbai,0.5,0.9,48.4,30.1,3.6,1012.6,19.2,1.64,0.36,0,Low,10.4
2022-01-29,Mumbai,0.9,1.0,54.7,30.4,3.6,1013.1,29.0,2.07,0.43,0,Low,18.2
2022-01-31,Guwahati (Assam),0.8,6.8,60.6,30.6,4.9,1015.0,37.2,0.82,0.42,0,Low,10.7
2022-02-02,Raigad,0.5,1.2,58.9,30.1,1.5,1014.5,34.3,0.79,0.45,0,Low,10.0
2022-02-03,Guwahati (Assam),0.7,2.0,36.5,36.7,4.4,1010.1,27.1,1.56,0.33,0,Low,11.5
2022-02-05,Raigad,2.9,3.5,47.5,35.8,4.2,1011.8,24.2,1.66,0.48,0,Low,15.5
2022-02-07,Ratnagiri,4.6,9.8,65.0,32.6,2.9,1016.3,38.9,0.85,0.6,0,Low,9.6
2022-02-08,Guwahati (Assam),0.2,0.9,55.3,35.2,5.1,1011.9,31.8,0.51,0.32,0,Low,11.5
2022-02-09,Ratnagiri,0.1,1.0,40.9,33.8,3.4,1007.0,40.8,0.87,0.49,0,Low,11.7
2022-02-10,Chennai,1.2,6.5,47.5,32.2,1.9,1012.7,31.4,0.99,0.49,0,Low,10.9
2022-02-11,Kochi (Kerala),23.3,29.4,75.5,29.7,3.9,1013.5,49.6,2.35,0.59,0,Low,19.7
2022-02-13,Mumbai,4.2,6.4,37.5,32.1,5.1,1009.3,17.6,2.18,0.5,0,Low,14.3
2022-02-14,Raigad,2.8,3.9,49.5,33.7,4.6,1012.7,20.0,1.09,0.53,0,Low,9.7
2022-02-16,Ratnagiri,0.6,0.8,39.8,28.3,3.4,1008.3,40.8,0.7,0.58,0,Low,13.0
2022-02-17,Mumbai,2.6,2.8,51.7,34.3,3.8,1013.2,25.2,1.08,0.52,0,Low,14.4
2022-02-18,Navi Mumbai,22.4,39.8,71.0,26.6,3.3,1009.7,39.1,2.33,0.59,0,Low,21.7
2022-02-20,Chennai,2.0,2.1,42.3,30.5,3.7,1011.8,24.6,1.84,0.35,0,Low,11.7
2022-02-21,Navi Mumbai,2.0,3.0,43.7,31.4,3.5,1012.6,24.3,0.91,0.5,0,Low,9.6
2022-02-22,Chennai,2.2,2.6,36.4,33.9,4.6,1012.4,20.5,1.75,0.4,0,Low,15.6
2022-02-24,Mumbai,3.5,3.7,67.4,35.7,4.3,1014.1,40.3,1.73,0.4,0,Low,13.8
2022-02-25,Thane,0.1,1.1,59.5,31.5,2.8,1014.5,16.3,1.16,0.41,0,Low,12.3
2022-02-27,Kochi (Kerala),0.2,2.4,44.4,29.8,5.2,1010.8,15.5,1.24,0.67,0,Low,9.7
2022-03-01,Kochi (Kerala),1.0,1.8,39.4,31.4,4.2,1012.8,30.9,0.84,0.63,0,Low,11.1
2022-03-02,Ratnagiri,16.2,24.6,72.8,29.4,7.7,1007.7,42.3,2.7,0.56,0,Low,21.0
2022-03-03,Thane,0.4,1.0,36.3,30.7,4.5,1014.4,27.3,1.69,0.54,0,Low,12.1
2022-03-05,Thane,0.8,2.5,66.3,28.6,3.5,1011.8,23.9,1.36,0.43,0,Low,13.6
2022-03-06,Chennai,0.9,1.6,44.8,31.4,4.8,1012.4,25.6,1.94,0.46,0,Low,14.0
2022-03-08,Ratnagiri,0.4,3.1,52.6,35.3,4.6,1008.2,20.8,1.72,0.68,0,Low,11.2
2022-03-09,Raigad,0.3,0.3,49.9,31.2,3.7,1013.2,22.0,0.88,0.56,0,Low,8.6
2022-03-10,Raigad,0.4,1.0,40.6,34.5,4.6,1005.3,27.5,1.71,0.49,0,Low,13.4
2022-03-11,Kochi (Kerala),5.1,8.5,41.7,29.7,2.0,1013.3,27.7,1.83,0.67,0,Low,9.7
2022-03-13,Ratnagiri,1.7,1.7,45.3,33.7,1.5,1015.4,15.9,1.95,0.63,0,Low,8.9
2022-03-15,Mumbai,1.7,4.8,45.1,28.3,5.2,1011.0,28.3,1.81,0.49,0,Low,12.6
2022-03-16,Thane,16.1,36.0,68.0,29.5,7.6,1006.8,41.2,3.16,0.44,0,Low,24.3
2022-03-17,Guwahati (Assam),2.1,10.6,41.0,34.9,2.9,1011.9,36.4,1.29,0.29,0,Low,11.1
2022-03-18,Navi Mumbai,0.8,2.7,47.1,31.5,4.3,1012.5,40.3,1.42,0.56,0,Low,10.4
2022-03-19,Mumbai,0.4,1.8,35.7,30.3,3.6,1017.9,40.0,1.6,0.46,0,Low,12.3
2022-03-21,Chennai,2.3,2.7,39.3,34.1,3.7,1012.2,36.3,1.76,0.44,0,Low,10.8
2022-03-23,Navi Mumbai,30.7,39.5,76.7,31.7,6.5,1006.6,46.0,2.29,0.55,0,Low,28.2
2022-03-24,Navi Mumbai,27.0,35.0,72.4,30.7,5.4,1010.8,49.8,2.88,0.62,0,Low,20.8
2022-03-26,Ratnagiri,3.4,3.8,67.9,29.1,1.6,1011.9,34.7,1.88,0.69,0,Low,13.2
2022-03-28,Navi Mumbai,0.2,1.2,63.0,31.3,3.9,1010.5,28.6,1.6,0.6,0,Low,14.5
2022-03-29,Guwahati (Assam),1.0,1.2,53.5,31.0,2.1,1012.6,40.2,1.87,0.36,0,Low,16.6
2022-03-31,Chennai,3.6,4.0,44.4,32.7,2.6,1011.9,20.7,1.52,0.33,0,Low,16.7
2022-04-02,Chennai,1.2,2.3,53.7,31.3,5.2,1012.8,39.1,1.87,0.36,0,Low,13.4
2022-04-03,Ratnagiri,1.9,2.1,61.8,34.5,4.4,1010.7,17.7,1.72,0.57,0,Low,14.9
2022-04-04,Guwahati (Assam),0.1,0.1,47.3,29.3,3.7,1012.1,37.8,0.5,0.38,0,Low,11.8
2022-04-06,Ratnagiri,0.2,2.1,49.9,36.4,2.0,1012.0,20.7,0.55,0.63,0,Low,4.8
2022-04-07,Guwahati (Assam),3.1,5.0,55.3,32.8,1.9,1011.2,27.8,1.65,0.33,0,Low,14.3
2022-04-08,Chennai,4.2,4.3,35.4,34.0,2.7,1013.6,21.8,1.06,0.42,0,Low,11.1
2022-04-09,Ratnagiri,21.0,33.7,75.1,28.3,4.3,1007.9,54.3,2.86,0.51,0,Low,23.4
2022-04-11,Kochi (Kerala),1.3,3.0,51.0,32.9,3.5,1014.0,30.3,1.72,0.59,0,Low,11.8
2022-04-13,Guwahati (Assam),13.4,19.4,79.6,31.7,3.3,1005.7,48.7,2.96,0.33,0,Low,25.2
2022-04-15,Kochi (Kerala),0.7,2.5,45.3,36.2,5.0,1013.5,30.1,1.05,0.66,0,Low,8.1
2022-04-17,Mumbai,0.6,1.9,62.0,29.1,4.9,1009.8,25.1,1.07,0.52,0,Low,11.1
2022-04-19,Mumbai,1.0,5.0,36.1,33.8,4.6,1010.2,35.5,2.01,0.47,0,Low,14.3
2022-04-21,Guwahati (Assam),0.6,2.0,35.5,28.1,2.5,1012.0,19.8,0.55,0.36,0,Low,9.3
2022-04-22,Ratnagiri,3.6,8.1,56.6,34.1,1.5,1013.4,41.6,1.99,0.57,0,Low,13.9
2022-04-24,Ratnagiri,0.6,5.1,44.6,33.1,1.9,1013.1,35.6,1.55,0.64,0,Low,7.1
2022-04-25,Mumbai,3.5,4.6,52.3,32.3,3.3,1015.2,35.9,1.4,0.44,0,Low,10.1
2022-04-27,Chennai,10.9,24.6,68.4,26.9,6.3,1011.8,49.1,3.05,0.36,0,Low,24.2
2022-04-28,Thane,6.1,6.7,41.7,32.0,1.7,1014.5,41.4,1.5,0.41,0,Low,17.0
2022-04-30,Kochi (Kerala),22.4,27.9,74.2,30.3,5.1,1007.0,42.9,2.03,0.69,0,Low,20.4
2022-05-02,Mumbai,30.7,41.4,73.8,30.3,4.2,1008.0,41.7,3.16,0.5,0,Low,24.9
2022-05-03,Thane,0.6,3.0,42.3,30.4,3.5,1010.6,22.1,0.56,0.48,0,Low,9.0
2022-05-05,Guwahati (Assam),0.1,0.5,38.4,33.5,1.9,1016.3,35.4,0.53,0.35,0,Low,10.7
2022-05-06,Mumbai,1.9,2.1,62.1,32.4,4.9,1015.8,41.8,0.89,0.44,0,Low,13.5
2022-05-07,Ratnagiri,0.1,0.1,38.9,33.8,3.8,1016.9,29.9,0.55,0.56,0,Low,9.3
2022-05-09,Mumbai,19.9,34.3,76.7,30.7,5.6,1008.2,57.6,2.14,0.45,0,Low,26.9
2022-05-10,Ratnagiri,2.4,3.5,42.6,30.1,5.1,1012.4,37.5,1.44,0.59,0,Low,9.6
2022-05-12,Thane,0.7,5.6,39.1,31.8,2.9,1006.2,29.0,0.74,0.6,0,Low,10.6
2022-05-13,Thane,0.3,0.4,60.2,31.8,4.0,1012.7,34.6,1.65,0.4,0,Low,8.7
2022-05-14,Kochi (Kerala),0.7,2.7,51.3,35.6,5.0,1012.1,32.0,1.01,0.62,0,Low,9.2
2022-05-15,Chennai,0.3,0.8,52.2,29.5,2.7,1014.1,23.7,0.77,0.45,0,Low,11.3
2022-05-16,Kochi (Kerala),14.2,19.6,74.4,31.9,4.7,1009.5,57.9,2.9,0.62,0,Low,21.3
2022-05-18,Chennai,1.2,1.4,57.4,34.5,5.4,1014.5,22.0,0.53,0.32,0,Low,14.8
2022-05-20,Thane,2.3,2.7,43.6,32.6,2.8,1012.3,36.6,1.49,0.5,0,Low,13.9
2022-05-22,Thane,2.7,3.3,53.0,29.9,3.4,1014.8,23.6,0.95,0.45,0,Low,12.3
2022-05-23,Raigad,0.0,1.8,51.5,35.9,1.8,1014.8,33.1,2.1,0.49,0,Low,15.3
2022-05-25,Mumbai,17.8,29.6,70.8,28.6,7.9,1007.3,39.9,3.09,0.33,0,Low,28.3
2022-05-26,Mumbai,2.7,3.6,49.2,31.7,3.0,1010.7,31.7,0.74,0.43,0,Low,11.2
2022-05-27,Ratnagiri,17.9,33.1,72.3,31.9,7.4,1009.0,45.9,1.86,0.59,0,Low,18.6
2022-05-29,Thane,9.3,9.9,58.9,36.2,2.4,1012.0,41.4,0.98,0.49,0,Low,14.0
2022-05-31,Ratnagiri,21.9,30.3,75.6,27.1,5.8,1013.6,43.6,3.14,0.61,0,Low,19.3
2022-06-01,Thane,272.8,654.9,99.2,25.2,22.5,992.0,93.2,10.41,0.41,1,Critical,91.5
2022-06-03,Kochi (Kerala),25.5,79.9,76.6,27.8,4.8,1002.2,69.1,3.86,0.62,0,Moderate,34.1
2022-06-04,Ratnagiri,189.2,382.1,93.9,25.6,16.2,995.6,91.9,6.37,0.46,1,Critical,83.8
2022-06-06,Kochi (Kerala),185.4,429.7,97.7,26.9,10.0,995.5,87.8,7.38,0.66,1,Critical,86.5
2022-06-07,Mumbai,83.3,172.5,93.0,26.3,9.7,1003.0,74.5,4.92,0.37,0,Moderate,53.1
2022-06-09,Thane,93.4,210.0,86.5,27.9,13.1,1004.8,74.7,4.23,0.51,0,Moderate,55.6
2022-06-10,Chennai,357.2,594.1,98.5,24.3,23.4,976.4,93.3,8.53,0.43,1,Critical,96.4
2022-06-11,Ratnagiri,103.5,175.7,86.7,26.7,10.9,1001.7,74.2,5.43,0.58,0,Moderate,53.4
2022-06-13,Mumbai,23.7,81.2,85.7,28.5,4.5,1009.7,58.7,3.17,0.49,0,Low,25.3
2022-06-14,Raigad,38.4,92.0,79.2,29.2,4.6,1008.4,71.8,2.73,0.42,0,Moderate,35.2
2022-06-16,Thane,29.2,85.5,79.7,26.4,6.8,1000.9,68.9,3.64,0.45,0,Moderate,36.4
2022-06-17,Navi Mumbai,71.7,185.9,88.8,28.5,11.8,1000.2,85.3,5.5,0.6,0,Moderate,51.4
2022-06-18,Guwahati (Assam),70.4,132.0,89.2,26.3,10.2,1001.9,77.9,4.65,0.34,0,Moderate,48.3
2022-06-20,Thane,32.2,86.3,85.5,25.7,7.9,1009.6,63.7,2.94,0.49,0,Moderate,31.3
2022-06-22,Navi Mumbai,25.7,55.8,84.0,28.8,5.3,1002.3,59.9,2.51,0.52,0,Moderate,32.1
2022-06-24,Ratnagiri,164.0,307.3,94.2,25.7,12.7,996.8,84.4,5.59,0.57,1,High,74.7
2022-06-26,Raigad,28.0,66.1,81.7,28.6,5.5,1006.4,61.5,3.16,0.47,0,Low,29.3
2022-06-27,Navi Mumbai,84.1,187.6,91.4,27.2,10.3,1009.2,81.5,5.57,0.55,0,Moderate,48.7
2022-06-28,Guwahati (Assam),37.9,81.2,75.9,29.5,4.2,1008.1,74.1,2.58,0.27,0,Moderate,37.5
2022-06-30,Mumbai,24.9,48.5,82.3,27.4,4.6,1010.8,67.2,3.61,0.38,0,Moderate,32.6
2022-07-01,Guwahati (Assam),27.3,85.4,86.3,26.5,4.9,1001.0,66.5,3.38,0.36,0,Moderate,34.7
2022-07-02,Ratnagiri,123.4,363.6,92.5,27.4,11.1,1003.3,93.6,5.71,0.6,0,High,70.9
2022-07-03,Guwahati (Assam),73.9,208.2,89.9,26.8,12.8,1000.3,84.7,5.62,0.37,0,Moderate,55.5
2022-07-05,Guwahati (Assam),27.3,86.9,81.1,27.8,6.9,1005.6,61.4,2.61,0.36,0,Moderate,32.2
2022-07-06,Chennai,57.7,179.8,90.3,25.8,8.0,1004.2,79.7,5.1,0.4,0,Moderate,52.3
2022-07-08,Chennai,20.8,49.1,83.6,29.6,6.2,1003.8,59.2,3.47,0.4,0,Moderate,32.6
2022-07-10,Mumbai,97.8,200.7,91.5,24.6,8.8,1003.7,85.0,5.57,0.48,1,Moderate,53.6
2022-07-11,Raigad,25.7,57.3,83.0,29.5,9.3,1005.5,68.1,3.76,0.49,0,Moderate,31.2
2022-07-12,Navi Mumbai,157.0,354.7,95.9,24.0,13.3,999.3,88.4,7.24,0.56,1,High,77.7
2022-07-13,Chennai,81.5,213.0,88.8,28.3,7.7,1005.5,73.0,5.6,0.36,0,Moderate,55.3
2022-07-15,Chennai,95.5,223.1,89.7,25.7,13.5,1006.8,78.2,5.02,0.41,0,Moderate,50.6
2022-07-17,Ratnagiri,41.5,79.3,82.7,25.7,4.0,1005.9,59.9,3.56,0.57,0,Moderate,32.1
2022-07-18,Chennai,60.0,121.1,91.7,27.9,10.9,1001.3,78.7,5.72,0.37,0,Moderate,49.9
2022-07-19,Thane,328.7,647.0,96.7,22.3,25.4,987.6,93.8,10.18,0.52,1,Critical,93.5
2022-07-20,Guwahati (Assam),428.6,968.0,96.9,25.3,19.8,990.1,93.2,11.13,0.34,1,Critical,91.4
2022-07-21,Thane,165.1,360.4,95.3,23.5,15.0,995.3,86.9,7.66,0.49,1,Critical,83.6
2022-07-22,Thane,62.7,163.4,92.9,27.1,9.2,1000.9,74.5,5.14,0.42,0,Moderate,46.5
2022-07-23,Chennai,414.3,835.8,96.2,22.9,25.1,989.6,95.6,8.33,0.45,1,Critical,92.7
2022-07-25,Thane,92.7,171.0,89.3,26.0,10.6,1002.1,78.0,5.09,0.46,0,Moderate,54.5
2022-07-26,Navi Mumbai,58.5,170.2,85.8,27.4,8.7,1005.1,81.9,4.09,0.65,0,Moderate,48.7
2022-07-28,Chennai,271.3,753.7,97.8,24.6,19.6,1000.5,95.5,10.08,0.36,1,Critical,89.4
2022-07-29,Guwahati (Assam),132.1,252.9,92.4,26.4,17.1,997.0,86.0,7.71,0.28,1,High,76.8
2022-07-30,Chennai,88.9,206.7,84.9,25.0,6.1,1000.4,83.0,4.61,0.4,1,Moderate,59.1
2022-07-31,Navi Mumbai,59.5,146.8,88.1,25.6,12.1,1003.6,73.4,4.63,0.54,0,Moderate,45.2
2022-08-02,Navi Mumbai,310.5,786.7,97.6,24.9,24.8,993.4,98.7,10.09,0.52,1,Critical,95.7
2022-08-04,Kochi (Kerala),29.8,52.0,87.4,25.6,7.8,1002.6,65.1,2.54,0.63,0,Low,27.5
2022-08-06,Guwahati (Assam),18.6,53.1,78.3,27.5,9.3,1008.4,68.0,3.21,0.36,0,Moderate,32.0
2022-08-08,Raigad,41.1,72.8,76.7,29.3,7.2,1008.9,72.8,3.91,0.5,0,Moderate,36.4
2022-08-09,Chennai,70.6,180.7,91.9,25.3,10.5,1001.0,83.4,5.09,0.37,0,Moderate,55.8
2022-08-10,Ratnagiri,123.7,314.6,90.7,27.4,10.3,999.3,91.5,6.71,0.59,0,High,69.9
2022-08-11,Kochi (Kerala),84.2,191.0,86.8,28.1,8.4,1008.2,73.4,5.68,0.64,0,Moderate,45.9
2022-08-13,Raigad,26.6,70.6,81.7,28.5,4.3,1005.5,60.7,3.73,0.47,0,Moderate,35.5
2022-08-14,Guwahati (Assam),251.3,493.1,95.3,22.6,19.1,1000.8,97.9,9.93,0.27,1,Critical,92.4
2022-08-15,Ratnagiri,76.1,169.3,92.4,25.0,6.0,1007.9,81.1,4.36,0.53,0,Moderate,53.4
2022-08-17,Kochi (Kerala),137.0,357.4,94.8,24.5,10.2,995.5,92.3,6.47,0.64,1,High,76.6
2022-08-18,Navi Mumbai,97.5,187.2,86.1,27.5,9.5,1003.6,74.7,5.63,0.6,0,Moderate,54.2
2022-08-20,Chennai,167.9,331.4,92.6,24.5,16.1,999.6,86.2,5.69,0.39,0,High,74.1
2022-08-21,Mumbai,31.7,85.8,79.1,27.6,6.7,1004.1,62.1,3.84,0.53,0,Moderate,34.1
2022-08-22,Chennai,161.2,373.2,91.6,24.8,18.5,1000.5,91.4,6.53,0.39,1,High,76.8
2022-08-23,Mumbai,28.7,71.5,84.0,28.0,8.8,1006.3,62.1,2.95,0.45,0,Moderate,33.9
2022-08-24,Ratnagiri,33.4,87.4,81.2,29.4,6.0,1006.5,60.1,3.35,0.66,0,Moderate,31.9
2022-08-25,Guwahati (Assam),369.6,693.5,94.3,26.3,23.3,991.4,98.6,10.0,0.29,1,Critical,95.6
2022-08-27,Ratnagiri,87.2,224.0,86.5,27.9,13.4,1004.4,77.6,5.72,0.49,0,Moderate,56.4
2022-08-28,Chennai,151.8,351.1,91.2,25.1,17.5,1000.9,84.2,6.13,0.4,1,High,75.7
2022-08-30,Guwahati (Assam),43.4,87.7,78.3,29.6,8.3,1010.4,73.5,3.57,0.38,0,Moderate,38.6
2022-09-01,Guwahati (Assam),52.2,143.1,88.1,24.8,6.2,1000.6,73.9,5.18,0.42,0,Moderate,50.8
2022-09-02,Raigad,43.1,69.8,84.3,28.8,4.5,1006.7,55.7,2.64,0.42,0,Moderate,31.8
2022-09-03,Chennai,30.3,71.6,78.5,29.6,6.0,1005.1,55.9,2.95,0.39,0,Low,26.3
2022-09-04,Ratnagiri,136.9,275.3,96.6,27.5,13.0,1002.7,91.2,6.4,0.64,1,High,65.9
2022-09-06,Raigad,74.8,186.5,93.5,27.6,6.3,1005.5,76.7,4.85,0.51,0,Moderate,52.6
2022-09-08,Mumbai,433.1,894.4,99.9,23.2,26.4,988.5,97.5,7.89,0.4,1,Critical,97.5
2022-09-09,Thane,23.8,70.0,83.3,26.0,4.2,1009.7,63.7,3.35,0.49,0,Moderate,33.8
2022-09-11,Raigad,74.2,193.9,86.0,25.7,11.1,1002.0,78.3,5.53,0.51,0,Moderate,55.9
2022-09-13,Kochi (Kerala),24.7,71.9,82.3,25.8,5.7,1008.4,73.0,3.53,0.61,0,Moderate,32.1
2022-09-15,Guwahati (Assam),142.7,383.4,96.8,23.1,15.5,994.3,92.3,6.21,0.45,1,High,75.1
2022-09-16,Chennai,22.6,55.6,85.9,28.8,5.8,1009.0,65.7,2.59,0.46,0,Low,29.1
2022-09-18,Kochi (Kerala),17.6,71.3,84.3,29.7,7.8,1006.2,67.0,3.97,0.58,0,Moderate,34.2
2022-09-20,Navi Mumbai,36.7,92.9,85.3,27.9,7.7,1006.2,74.8,2.64,0.54,0,Moderate,32.6
2022-09-22,Raigad,382.8,803.3,94.9,22.9,23.1,989.5,98.3,8.71,0.55,1,Critical,92.1
2022-09-24,Raigad,21.8,57.4,82.9,28.8,9.0,1006.0,73.3,3.66,0.54,0,Moderate,32.0
2022-09-25,Ratnagiri,171.8,384.4,90.4,26.8,12.2,1004.0,88.3,6.51,0.58,1,High,75.2
2022-09-27,Chennai,176.2,424.3,93.3,24.9,16.3,995.9,93.4,6.11,0.39,1,Critical,86.1
2022-09-29,Mumbai,374.6,631.1,97.8,22.8,21.6,995.0,95.5,8.53,0.44,1,Critical,91.8
2022-10-01,Raigad,0.3,1.4,41.2,35.0,3.4,1011.8,24.5,1.11,0.52,0,Low,10.7
2022-10-02,Mumbai,1.9,6.4,64.8,31.0,5.3,1012.4,39.2,0.97,0.51,0,Low,10.9
2022-10-04,Ratnagiri,25.3,36.9,75.9,31.4,6.4,1006.3,42.5,3.11,0.55,0,Low,22.7
2022-10-06,Kochi (Kerala),0.1,1.8,38.8,29.2,2.7,1014.0,37.1,1.79,0.63,0,Low,7.1
2022-10-08,Thane,5.1,5.1,64.0,29.8,5.3,1010.9,24.2,1.25,0.44,0,Low,15.1
2022-10-10,Thane,0.6,2.2,59.1,28.4,1.5,1010.3,32.9,0.86,0.56,0,Low,10.6
2022-10-12,Thane,1.2,1.4,35.8,28.5,5.3,1011.9,18.8,1.7,0.41,0,Low,6.4
2022-10-14,Ratnagiri,4.5,10.3,60.7,33.4,3.3,1013.5,31.3,1.48,0.64,0,Low,11.0
2022-10-16,Raigad,0.9,1.1,62.6,28.2,4.8,1013.2,18.8,2.01,0.49,0,Low,11.9
2022-10-18,Kochi (Kerala),1.3,2.0,40.9,35.7,3.1,1010.2,25.3,1.98,0.68,0,Low,10.9
2022-10-20,Raigad,33.7,40.9,67.7,31.2,5.0,1008.7,38.1,2.18,0.52,0,Low,23.8
2022-10-21,Guwahati (Assam),13.3,20.0,78.8,30.5,5.9,1008.0,54.7,2.32,0.37,0,Low,27.2
2022-10-23,Navi Mumbai,20.5,40.2,70.2,31.5,7.7,1006.7,43.3,2.92,0.59,0,Low,24.0
2022-10-25,Navi Mumbai,0.9,3.6,50.4,30.1,2.3,1015.5,31.3,1.67,0.54,0,Low,10.7
2022-10-26,Chennai,222.0,711.8,99.9,23.8,15.1,984.1,93.3,9.91,0.39,1,Critical,97.0
2022-10-27,Thane,16.3,32.8,75.3,27.9,5.7,1008.6,57.4,2.39,0.51,0,Low,21.8
2022-10-29,Kochi (Kerala),14.8,28.5,72.6,28.4,3.6,1011.9,47.2,1.9,0.67,0,Low,16.6
2022-10-30,Guwahati (Assam),0.5,5.7,47.4,34.8,3.6,1010.4,40.4,1.4,0.31,0,Low,16.0
2022-10-31,Thane,0.2,2.4,35.3,32.3,2.3,1014.6,31.9,2.17,0.46,0,Low,15.4
2022-11-02,Thane,1.1,2.5,65.7,36.0,4.6,1013.3,21.0,1.25,0.47,0,Low,8.3
2022-11-04,Mumbai,3.4,4.5,35.6,35.8,2.2,1012.4,31.8,0.54,0.51,0,Low,9.3
2022-11-05,Thane,0.2,1.3,45.1,36.1,5.0,1012.1,31.9,1.07,0.48,0,Low,10.4
2022-11-06,Navi Mumbai,0.2,2.5,42.0,35.7,1.7,1012.6,20.8,2.2,0.54,0,Low,16.1
2022-11-08,Chennai,60.0,168.8,91.3,25.4,12.6,998.5,79.8,5.04,0.37,0,Moderate,56.1
2022-11-10,Guwahati (Assam),0.6,1.6,60.1,32.3,5.3,1010.2,22.9,1.21,0.33,0,Low,14.6
2022-11-12,Ratnagiri,23.7,29.5,71.0,27.6,8.0,1010.7,52.9,2.28,0.67,0,Low,20.2
2022-11-13,Kochi (Kerala),3.2,3.5,46.2,31.0,1.7,1012.8,31.2,1.95,0.71,0,Low,13.6
2022-11-14,Mumbai,1.5,2.4,39.7,34.4,4.9,1015.6,18.0,1.93,0.42,0,Low,13.7
2022-11-16,Kochi (Kerala),5.3,5.5,64.7,29.1,3.1,1013.6,38.0,2.04,0.74,0,Low,17.0
2022-11-18,Chennai,36.2,89.5,76.6,29.1,6.6,1000.5,65.2,3.92,0.41,0,Moderate,36.0
2022-11-20,Mumbai,14.5,30.4,77.2,30.1,6.0,1009.2,50.4,3.01,0.48,0,Low,23.5
2022-11-22,Guwahati (Assam),2.8,3.9,43.4,35.8,3.2,1011.3,15.1,1.34,0.36,0,Low,14.8
2022-11-24,Thane,16.9,28.6,66.3,27.7,6.9,1008.0,41.3,2.71,0.49,0,Low,21.3
2022-11-26,Guwahati (Assam),2.5,2.7,43.3,36.1,4.4,1015.3,26.2,0.58,0.38,0,Low,12.6
2022-11-28,Thane,1.0,5.6,46.1,30.6,5.0,1014.6,36.5,1.38,0.51,0,Low,10.3
2022-11-29,Ratnagiri,1.6,2.6,62.6,36.5,4.7,1015.0,24.5,0.78,0.58,0,Low,8.5
2022-11-30,Mumbai,3.5,4.0,41.8,36.7,1.6,1011.7,36.2,1.05,0.45,0,Low,11.7
2022-12-02,Mumbai,16.9,22.9,65.7,26.7,3.4,1008.8,45.5,2.39,0.39,0,Low,24.7
2022-12-03,Raigad,0.6,1.6,55.3,33.6,3.4,1013.2,25.8,2.18,0.53,0,Low,12.6
2022-12-04,Mumbai,1.9,2.5,38.3,31.2,3.1,1014.6,17.0,0.8,0.51,0,Low,5.5
2022-12-05,Mumbai,4.5,17.9,47.3,30.7,4.9,1014.3,42.0,1.57,0.46,0,Low,14.7
2022-12-07,Chennai,69.5,175.4,92.3,27.1,6.2,1000.5,75.3,5.63,0.43,0,Moderate,52.8
2022-12-09,Raigad,1.1,1.6,40.4,30.1,3.5,1009.4,22.3,2.11,0.55,0,Low,12.1
2022-12-10,Ratnagiri,2.0,2.8,56.6,30.5,3.8,1010.8,27.5,2.08,0.6,0,Low,10.9
2022-12-12,Navi Mumbai,0.2,1.0,39.9,33.7,5.3,1010.3,41.9,1.14,0.55,0,Low,13.2
2022-12-14,Thane,0.2,2.5,48.5,29.9,3.1,1012.9,21.8,1.03,0.49,0,Low,9.4
2022-12-15,Navi Mumbai,1.3,2.4,41.4,34.7,2.0,1012.0,17.8,1.71,0.69,0,Low,8.9
2022-12-17,Navi Mumbai,1.0,2.2,58.4,33.6,4.1,1010.5,23.7,1.24,0.5,0,Low,14.4
2022-12-19,Ratnagiri,0.0,0.1,43.1,29.0,3.6,1013.3,38.2,1.75,0.58,0,Low,9.8
2022-12-21,Ratnagiri,1.1,4.4,62.7,36.2,3.5,1011.2,30.3,0.92,0.53,0,Low,11.9
2022-12-22,Raigad,0.4,0.5,35.3,28.2,1.5,1010.5,18.0,0.91,0.6,0,Low,7.7
2022-12-23,Guwahati (Assam),1.2,5.1,57.4,30.7,3.7,1014.5,33.0,1.98,0.33,0,Low,16.7
2022-12-25,Guwahati (Assam),0.8,2.9,62.0,28.1,5.5,1014.6,19.9,1.3,0.36,0,Low,12.3
2022-12-26,Mumbai,21.9,28.9,70.9,27.1,4.8,1007.9,43.3,2.52,0.47,0,Low,21.1
2022-12-27,Guwahati (Assam),28.9,38.5,78.8,29.9,5.2,1009.9,55.4,2.95,0.28,0,Low,26.8
2022-12-28,Navi Mumbai,33.4,40.9,65.6,28.7,7.0,1009.1,49.7,1.94,0.49,0,Low,23.1
2022-12-30,Ratnagiri,12.3,19.9,65.2,29.6,7.4,1010.1,52.8,3.17,0.67,0,Low,20.1
2023-01-01,Raigad,5.4,6.1,64.3,35.9,4.5,1010.5,29.4,1.11,0.55,0,Low,12.8
2023-01-02,Navi Mumbai,32.8,38.0,77.1,31.6,6.9,1010.9,40.9,1.91,0.58,0,Low,19.6
2023-01-04,Raigad,1.5,10.2,48.1,31.0,4.0,1011.9,32.1,1.96,0.49,0,Low,16.2
2023-01-06,Kochi (Kerala),0.3,0.3,58.7,29.0,2.5,1012.4,23.0,1.45,0.57,0,Low,14.5
2023-01-07,Navi Mumbai,0.1,0.4,51.5,31.0,2.7,1011.1,16.8,2.16,0.5,0,Low,14.6
2023-01-08,Thane,1.8,4.6,60.7,32.3,3.2,1016.0,15.3,2.08,0.44,0,Low,11.7
2023-01-10,Guwahati (Assam),33.0,51.7,79.8,31.2,8.0,1010.6,56.1,2.12,0.37,0,Low,25.8
2023-01-12,Navi Mumbai,0.0,0.0,50.4,30.1,4.3,1011.7,30.3,0.63,0.59,0,Low,8.1
2023-01-13,Thane,0.3,3.4,48.7,28.8,3.4,1013.6,40.0,1.9,0.42,0,Low,12.3
2023-01-15,Guwahati (Assam),1.2,3.8,67.8,29.2,1.7,1010.7,33.7,1.91,0.29,0,Low,17.5
2023-01-17,Guwahati (Assam),4.6,6.0,65.2,36.7,4.9,1010.5,29.8,1.27,0.39,0,Low,13.2
2023-01-18,Thane,0.1,0.9,47.8,33.6,2.1,1010.8,38.2,1.26,0.52,0,Low,11.2
2023-01-19,Mumbai,0.5,0.8,35.1,32.8,1.9,1015.4,22.4,0.8,0.49,0,Low,5.5
2023-01-21,Guwahati (Assam),4.2,5.0,56.6,28.7,2.5,1014.0,35.9,1.4,0.33,0,Low,13.5
2023-01-23,Chennai,3.1,4.3,67.3,36.6,2.8,1013.6,17.0,1.92,0.44,0,Low,11.8
2023-01-25,Thane,31.4,51.0,71.6,26.4,6.7,1004.4,50.4,2.43,0.55,0,Low,26.2
2023-01-27,Navi Mumbai,0.6,3.4,52.9,35.9,3.7,1013.7,30.0,0.85,0.45,0,Low,9.6
2023-01-29,Navi Mumbai,2.8,4.0,59.0,28.9,3.1,1015.1,41.5,1.87,0.48,0,Low,12.7
2023-01-30,Mumbai,18.2,33.0,76.4,30.5,5.5,1008.3,40.7,2.59,0.41,0,Low,24.5
2023-01-31,Kochi (Kerala),4.0,5.1,45.9,36.8,5.0,1014.5,23.7,1.29,0.74,0,Low,6.6
2023-02-02,Ratnagiri,4.7,5.7,63.9,29.7,3.7,1016.2,16.4,0.86,0.59,0,Low,12.6
2023-02-03,Chennai,1.5,3.2,55.2,32.9,2.6,1011.7,21.6,0.73,0.39,0,Low,12.3
2023-02-04,Mumbai,0.3,0.7,63.8,34.7,4.1,1009.4,41.4,1.86,0.5,0,Low,13.6
2023-02-06,Thane,29.0,38.5,71.4,27.1,3.6,1007.8,53.9,2.17,0.52,0,Low,24.4
2023-02-07,Thane,2.4,5.5,60.1,31.1,3.3,1013.2,23.8,2.07,0.44,0,Low,14.5
2023-02-08,Kochi (Kerala),1.4,2.0,44.0,29.0,2.0,1016.5,24.4,1.8,0.63,0,Low,8.9
2023-02-09,Raigad,2.9,4.7,66.7,34.0,2.2,1016.8,15.8,0.53,0.51,0,Low,9.3
2023-02-11,Chennai,0.8,2.1,39.6,34.1,3.9,1011.4,23.0,0.52,0.38,0,Low,10.0
2023-02-13,Navi Mumbai,0.3,1.2,55.7,32.9,2.4,1014.8,38.2,1.78,0.51,0,Low,9.1
2023-02-14,Guwahati (Assam),19.1,37.3,65.6,31.9,6.3,1011.0,53.0,1.85,0.25,0,Low,22.6
2023-02-16,Guwahati (Assam),0.2,0.9,64.4,32.9,3.2,1012.9,34.0,1.54,0.47,0,Low,11.8
2023-02-17,Guwahati (Assam),1.3,1.8,66.1,33.3,2.7,1013.4,27.1,1.87,0.21,0,Low,15.1
2023-02-18,Chennai,1.7,2.5,61.2,29.2,4.6,1012.9,24.5,0.9,0.36,0,Low,13.9
2023-02-19,Mumbai,7.2,15.4,56.0,32.0,3.5,1017.3,33.4,0.67,0.46,0,Low,10.3
2023-02-20,Raigad,0.1,0.5,51.0,35.1,3.4,1011.3,29.9,0.96,0.49,0,Low,10.4
2023-02-22,Guwahati (Assam),0.2,0.7,50.6,36.7,4.6,1012.6,39.3,1.07,0.36,0,Low,11.6
2023-02-23,Mumbai,5.3,7.5,60.7,35.0,3.6,1013.3,23.5,1.45,0.44,0,Low,15.8
2023-02-25,Kochi (Kerala),6.0,7.1,60.2,28.9,4.6,1012.8,25.0,0.57,0.72,0,Low,11.0
2023-02-27,Kochi (Kerala),0.2,5.4,37.6,36.4,4.3,1010.4,35.0,1.52,0.57,0,Low,8.1
2023-02-28,Ratnagiri,1.0,10.2,42.1,31.8,2.7,1015.7,35.7,1.8,0.55,0,Low,10.7
2023-03-02,Raigad,0.0,1.1,48.5,36.9,3.4,1013.5,28.3,1.52,0.49,0,Low,10.8
2023-03-03,Mumbai,4.3,6.1,46.4,33.6,5.1,1010.9,22.4,1.36,0.44,0,Low,14.6
2023-03-04,Chennai,1.7,2.6,45.4,34.2,2.4,1009.9,15.2,2.15,0.47,0,Low,13.9
2023-03-05,Ratnagiri,0.2,2.0,41.6,35.1,4.6,1012.4,18.0,2.05,0.62,0,Low,12.4
2023-03-06,Chennai,6.4,10.7,66.6,31.1,1.9,1012.5,36.4,0.76,0.34,0,Low,10.6
2023-03-08,Ratnagiri,0.6,2.8,50.4,35.3,2.1,1014.8,36.3,0.61,0.54,0,Low,9.9
2023-03-09,Chennai,31.4,40.2,69.9,29.2,4.1,1010.4,41.2,2.45,0.35,0,Low,24.3
2023-03-11,Navi Mumbai,1.5,1.6,55.1,29.4,4.8,1014.8,24.6,0.98,0.52,0,Low,7.0
2023-03-13,Thane,0.5,5.4,59.8,28.6,4.4,1014.4,23.4,1.48,0.41,0,Low,13.0
2023-03-15,Mumbai,0.9,1.4,59.9,32.1,5.3,1013.1,22.0,1.66,0.25,0,Low,15.2
2023-03-16,Guwahati (Assam),3.1,6.6,46.9,33.4,2.1,1009.4,35.1,1.4,0.37,0,Low,14.7
2023-03-17,Thane,10.0,10.1,36.4,30.0,5.4,1011.3,41.4,1.61,0.4,0,Low,14.1
2023-03-19,Kochi (Kerala),5.4,5.7,38.3,29.0,3.8,1011.3,41.4,1.24,0.67,0,Low,12.8
2023-03-21,Ratnagiri,1.7,5.3,50.1,33.3,2.6,1010.1,32.4,2.18,0.59,0,Low,10.5
2023-03-23,Kochi (Kerala),4.6,5.9,45.9,29.6,2.5,1013.3,39.7,0.89,0.67,0,Low,10.9
2023-03-24,Thane,1.8,2.5,63.9,35.0,1.6,1012.5,37.1,1.01,0.49,0,Low,10.6
2023-03-26,Raigad,0.9,2.0,44.5,29.5,4.5,1010.5,20.9,0.73,0.47,0,Low,9.0
2023-03-27,Ratnagiri,1.8,4.1,44.6,31.0,4.2,1014.6,24.4,0.86,0.71,0,Low,4.8
2023-03-29,Raigad,12.2,29.7,77.8,27.3,3.3,1006.9,46.7,1.89,0.46,0,Low,22.2
2023-03-30,Thane,2.4,2.9,46.1,29.2,1.8,1011.2,41.8,1.61,0.51,0,Low,16.0
2023-03-31,Kochi (Kerala),2.7,6.0,35.5,29.7,4.1,1012.7,33.0,2.13,0.66,0,Low,11.2
2023-04-02,Guwahati (Assam),0.6,9.7,40.2,32.6,4.7,1011.9,26.7,1.3,0.37,0,Low,12.5
2023-04-04,Raigad,1.4,1.5,62.8,33.8,3.1,1012.6,15.3,0.5,0.51,0,Low,9.3
2023-04-05,Navi Mumbai,0.3,2.4,36.8,30.8,2.1,1013.4,30.7,1.63,0.49,0,Low,9.2
2023-04-06,Mumbai,0.1,0.3,49.1,36.5,2.4,1011.6,31.4,1.66,0.49,0,Low,11.8
2023-04-08,Thane,1.0,1.3,44.6,34.0,4.0,1013.2,29.3,1.66,0.53,0,Low,13.0
2023-04-09,Thane,1.3,4.3,43.2,34.1,5.1,1015.1,34.6,0.6,0.5,0,Low,7.9
2023-04-10,Raigad,5.1,8.4,38.6,29.1,3.9,1013.0,24.3,0.56,0.45,0,Low,5.4
2023-04-12,Mumbai,0.2,3.4,65.2,34.8,4.8,1011.1,20.6,1.8,0.49,0,Low,12.2
2023-04-13,Navi Mumbai,3.2,5.2,47.8,31.8,1.8,1012.7,15.8,1.68,0.55,0,Low,15.4
2023-04-14,Chennai,1.2,1.8,50.7,32.2,3.1,1012.1,31.3,2.02,0.3,0,Low,17.9
2023-04-15,Raigad,32.7,47.4,66.2,26.8,3.8,1006.6,51.9,2.83,0.46,0,Low,26.0
2023-04-17,Chennai,16.0,26.4,78.7,29.5,6.7,1007.8,39.4,2.55,0.35,0,Low,22.0
2023-04-18,Kochi (Kerala),1.9,5.2,48.6,34.7,3.1,1013.9,33.3,1.8,0.6,0,Low,9.0
2023-04-19,Raigad,0.3,2.7,65.3,31.6,2.2,1011.8,22.8,0.9,0.48,0,Low,7.9
2023-04-20,Guwahati (Assam),16.7,30.7,75.0,29.9,5.2,1009.5,45.6,2.97,0.42,0,Low,21.6
2023-04-21,Kochi (Kerala),0.2,0.3,38.1,33.2,1.7,1014.9,22.9,1.8,0.71,0,Low,7.8
2023-04-23,Ratnagiri,2.0,4.8,48.1,29.9,3.6,1014.1,39.9,1.59,0.56,0,Low,12.3
2023-04-24,Navi Mumbai,20.7,34.6,76.0,29.1,7.1,1010.9,41.3,2.97,0.5,0,Low,24.3
2023-04-26,Navi Mumbai,2.1,4.7,39.6,35.9,2.2,1012.3,36.5,1.28,0.46,0,Low,9.5
2023-04-28,Raigad,0.3,2.5,53.2,29.1,2.0,1012.7,34.2,0.6,0.48,0,Low,9.3
2023-04-29,Raigad,3.5,8.3,58.0,36.3,4.7,1012.7,37.4,1.47,0.46,0,Low,10.9
2023-04-30,Thane,0.6,2.6,40.7,30.3,3.4,1013.5,39.9,1.77,0.45,0,Low,9.3
2023-05-01,Kochi (Kerala),1.0,1.4,64.5,30.2,1.9,1016.1,35.3,0.8,0.69,0,Low,7.9
2023-05-03,Raigad,0.2,0.6,36.8,33.9,4.8,1014.3,20.8,1.05,0.5,0,Low,8.9
2023-05-04,Kochi (Kerala),0.8,2.7,60.1,32.9,4.0,1010.4,40.3,1.01,0.67,0,Low,13.0
2023-05-05,Kochi (Kerala),25.3,33.0,70.6,28.8,5.1,1008.7,53.0,3.06,0.61,0,Low,27.7
2023-05-06,Navi Mumbai,1.2,4.4,36.2,36.9,3.3,1011.3,24.7,1.0,0.53,0,Low,11.1
2023-05-07,Chennai,4.7,5.8,66.4,35.4,3.4,1011.1,30.1,0.6,0.37,0,Low,16.5
2023-05-09,Ratnagiri,2.5,6.0,42.8,30.9,3.4,1012.7,31.1,0.99,0.59,0,Low,6.2
2023-05-10,Raigad,11.4,16.4,66.5,30.8,7.8,1010.2,41.2,2.57,0.54,0,Low,12.5
2023-05-11,Guwahati (Assam),4.1,4.5,60.2,28.2,3.0,1010.4,18.0,1.1,0.37,0,Low,13.0
2023-05-13,Kochi (Kerala),0.8,1.5,56.7,36.3,3.1,1011.3,38.1,1.47,0.59,0,Low,9.9
2023-05-14,Ratnagiri,0.9,1.6,66.1,36.0,1.8,1012.2,28.9,0.88,0.54,0,Low,12.7
2023-05-16,Kochi (Kerala),23.2,33.2,68.1,30.8,6.1,1005.3,45.4,3.14,0.64,0,Low,23.2
2023-05-18,Navi Mumbai,1.1,4.1,46.2,29.6,3.8,1013.5,33.0,1.71,0.43,0,Low,12.0
2023-05-19,Raigad,11.9,31.3,71.5,29.7,6.3,1005.5,54.6,2.93,0.54,0,Low,25.4
2023-05-21,Kochi (Kerala),0.2,0.4,46.2,30.8,5.3,1018.3,36.2,1.62,0.62,0,Low,7.7
2023-05-22,Raigad,5.8,6.7,38.5,32.4,5.0,1011.8,16.1,1.94,0.5,0,Low,14.5
2023-05-23,Navi Mumbai,1.3,4.7,60.9,36.0,3.7,1014.6,41.1,2.19,0.56,0,Low,8.6
2023-05-24,Mumbai,1.4,1.5,51.7,35.8,2.4,1013.8,26.6,1.11,0.45,0,Low,10.9
2023-05-26,Ratnagiri,1.5,4.7,49.9,35.4,3.6,1007.0,24.1,1.62,0.64,0,Low,13.9
2023-05-28,Ratnagiri,0.1,0.5,44.4,30.5,4.2,1010.7,29.3,0.87,0.69,0,Low,6.3
2023-05-29,Navi Mumbai,1.4,2.1,48.9,34.4,5.4,1012.1,39.1,1.08,0.61,0,Low,8.9
2023-05-30,Kochi (Kerala),2.0,4.0,42.8,32.5,5.2,1011.4,41.5,1.7,0.58,0,Low,14.1
2023-05-31,Mumbai,0.3,1.7,38.1,36.3,2.9,1011.0,39.5,2.11,0.48,0,Low,13.4
2023-06-01,Navi Mumbai,216.7,736.6,97.1,22.3,16.4,993.2,97.2,10.71,0.54,1,Critical,91.5
2023-06-03,Chennai,103.6,165.0,93.5,25.7,6.1,1002.7,81.6,5.76,0.38,0,Moderate,59.6
2023-06-04,Kochi (Kerala),85.1,204.3,85.8,28.3,11.1,1003.4,77.8,5.76,0.59,1,Moderate,56.9
2023-06-05,Mumbai,191.3,405.8,94.4,23.0,10.4,998.7,86.0,5.93,0.5,1,High,79.1
2023-06-07,Navi Mumbai,307.2,666.0,94.6,22.2,23.8,982.0,96.8,10.56,0.5,1,Critical,97.1
2023-06-09,Navi Mumbai,191.3,428.8,93.4,25.9,11.6,994.9,89.6,7.76,0.65,1,Critical,87.8
2023-06-10,Raigad,27.2,87.2,82.5,25.2,7.2,1004.6,70.9,2.93,0.5,0,Moderate,35.9
2023-06-12,Guwahati (Assam),83.5,188.3,93.1,27.0,9.2,998.3,84.1,4.33,0.41,0,Moderate,57.1
2023-06-13,Guwahati (Assam),84.4,209.8,90.5,27.8,13.6,1000.8,78.8,5.26,0.35,1,Moderate,56.2
2023-06-15,Chennai,397.6,750.0,95.2,23.6,17.2,990.7,92.8,10.85,0.41,1,Critical,92.6
2023-06-17,Thane,151.9,300.6,92.4,23.9,17.0,1000.8,87.9,7.59,0.46,0,High,79.0
2023-06-18,Kochi (Kerala),55.0,149.9,89.8,26.3,8.6,998.7,79.6,5.73,0.66,0,Moderate,51.6
2023-06-19,Thane,16.3,39.0,82.2,25.5,4.1,1006.6,69.1,2.8,0.42,0,Low,27.9
2023-06-20,Chennai,83.7,176.7,90.5,28.5,13.5,1004.5,72.1,5.59,0.35,0,Moderate,52.0
2023-06-21,Kochi (Kerala),55.0,124.0,91.3,28.2,10.9,1005.7,75.7,4.08,0.58,0,Moderate,44.0
2023-06-22,Thane,42.4,68.0,82.0,28.0,7.0,1005.6,57.0,2.98,0.47,0,Moderate,31.8
2023-06-23,Raigad,20.7,63.2,84.0,27.7,6.4,1008.7,59.4,3.6,0.47,0,Low,29.4
2023-06-25,Mumbai,138.8,324.7,90.7,23.2,11.0,1002.8,85.9,6.66,0.43,1,High,71.2
2023-06-27,Navi Mumbai,43.1,101.3,87.5,29.2,6.0,1006.3,66.2,3.77,0.58,0,Moderate,35.0
2023-06-29,Guwahati (Assam),69.0,143.9,84.0,26.3,10.4,1003.5,83.5,4.91,0.35,0,Moderate,52.2
2023-06-30,Ratnagiri,40.2,66.1,86.1,28.4,4.9,1005.9,61.3,3.5,0.64,0,Moderate,31.4
2023-07-01,Navi Mumbai,73.5,212.1,91.8,28.0,9.5,1005.9,75.3,4.74,0.53,0,Moderate,48.9
2023-07-03,Guwahati (Assam),136.6,263.1,93.5,26.7,10.2,999.6,86.4,7.1,0.37,1,High,73.1
2023-07-05,Thane,126.9,345.2,95.8,26.0,13.0,997.3,85.7,6.84,0.46,0,High,77.4
2023-07-06,Thane,74.3,161.4,86.9,25.0,8.1,1002.2,72.5,4.34,0.47,0,Moderate,47.0
2023-07-08,Ratnagiri,35.0,83.7,82.6,29.8,4.1,1008.9,69.8,3.94,0.56,0,Moderate,34.7
2023-07-09,Kochi (Kerala),141.1,285.2,94.8,26.2,12.9,1004.1,88.2,7.46,0.66,1,High,71.6
2023-07-11,Guwahati (Assam),80.7,217.3,92.8,25.8,8.3,1004.7,75.3,4.96,0.28,0,Moderate,55.0
2023-07-12,Guwahati (Assam),15.0,48.0,77.9,29.9,8.0,1004.2,65.3,2.82,0.3,0,Moderate,31.0
2023-07-14,Navi Mumbai,376.3,805.5,97.2,26.2,27.1,991.5,95.8,8.63,0.61,1,Critical,88.7
2023-07-15,Thane,34.1,74.1,76.3,26.0,6.6,1006.4,68.6,3.01,0.47,0,Moderate,35.5
2023-07-16,Navi Mumbai,388.0,624.7,97.0,23.3,19.2,999.0,99.2,8.18,0.47,1,Critical,90.9
2023-07-18,Mumbai,184.0,362.3,96.0,26.9,12.8,992.8,92.3,5.6,0.35,1,Critical,80.7
2023-07-19,Ratnagiri,81.1,176.0,89.4,24.9,9.4,999.7,79.0,5.62,0.65,0,Moderate,55.1
2023-07-20,Guwahati (Assam),85.4,147.0,91.2,24.2,14.0,1001.9,75.6,4.69,0.33,1,Moderate,54.0
2023-07-21,Raigad,67.5,177.2,85.6,27.8,12.5,998.9,78.7,5.53,0.44,0,Moderate,52.6
2023-07-23,Navi Mumbai,81.2,213.1,93.7,26.9,12.1,1001.7,78.2,4.56,0.66,1,Moderate,55.1
2023-07-24,Ratnagiri,165.2,309.5,90.5,24.5,12.1,999.3,92.9,5.63,0.54,1,High,74.6
2023-07-25,Thane,76.5,140.2,84.1,28.4,11.3,1001.6,75.7,4.62,0.42,0,Moderate,45.5
2023-07-27,Thane,259.7,757.0,94.7,23.0,15.5,992.2,93.1,10.89,0.52,1,Critical,89.6
2023-07-28,Mumbai,191.8,434.9,96.0,27.2,12.0,999.6,92.7,7.33,0.45,1,Critical,88.0
2023-07-29,Ratnagiri,22.9,56.0,76.4,29.7,5.6,1004.3,65.4,3.09,0.66,0,Low,29.6
2023-07-30,Ratnagiri,177.3,417.1,93.5,24.7,16.7,998.6,86.3,7.54,0.61,1,Critical,82.6
2023-08-01,Kochi (Kerala),95.7,170.8,91.8,26.7,13.1,997.7,74.4,4.76,0.71,0,Moderate,51.6
2023-08-02,Guwahati (Assam),37.6,83.9,82.6,27.6,8.6,1005.2,58.1,3.39,0.29,0,Moderate,32.2
2023-08-03,Kochi (Kerala),152.7,276.4,90.7,26.1,13.9,994.2,92.6,7.1,0.61,1,High,76.7
2023-08-05,Raigad,104.5,207.0,90.8,25.1,9.5,1002.4,75.7,4.8,0.49,0,Moderate,56.2
2023-08-07,Chennai,101.0,168.6,87.7,27.2,7.8,1007.1,81.2,4.3,0.36,0,Moderate,53.4
2023-08-09,Navi Mumbai,93.8,180.4,89.9,26.2,13.6,1005.4,72.6,4.99,0.59,0,Moderate,52.7
2023-08-11,Chennai,135.6,293.4,93.3,24.1,11.2,997.8,92.6,6.78,0.44,1,High,74.9
2023-08-12,Guwahati (Assam),65.5,169.3,84.8,28.1,9.2,998.6,78.4,4.45,0.36,0,Moderate,50.1
2023-08-14,Thane,40.0,72.2,81.1,29.4,4.3,1004.7,72.8,2.83,0.54,0,Moderate,36.7
2023-08-16,Navi Mumbai,31.6,86.0,76.3,26.7,7.0,1004.6,71.1,3.1,0.64,0,Moderate,34.8
2023-08-17,Thane,55.0,156.2,84.6,25.6,10.8,1001.0,79.8,4.73,0.51,0,Moderate,45.6
2023-08-18,Navi Mumbai,75.1,211.4,92.5,24.7,6.2,1003.1,79.5,5.41,0.53,1,Moderate,55.6
2023-08-20,Navi Mumbai,192.5,406.6,91.2,23.6,11.8,991.7,91.7,6.18,0.54,1,Critical,83.7
2023-08-21,Guwahati (Assam),73.2,206.8,92.8,26.1,9.3,998.6,72.7,5.69,0.31,0,Moderate,57.4
2023-08-22,Chennai,29.2,68.9,75.2,25.7,6.1,1004.7,68.7,2.84,0.37,0,Moderate,37.1
2023-08-23,Thane,41.7,74.7,76.7,27.4,8.1,1005.5,55.4,2.55,0.38,0,Low,29.5
2023-08-24,Mumbai,40.4,84.5,80.9,27.0,6.7,1005.6,55.8,3.84,0.36,0,Moderate,37.8
2023-08-25,Raigad,96.6,216.7,88.5,26.8,11.5,994.5,81.0,5.0,0.56,1,High,62.4
2023-08-27,Mumbai,404.2,836.3,97.1,25.1,20.8,997.0,93.8,7.51,0.51,1,Critical,92.6
2023-08-29,Ratnagiri,192.8,363.4,93.2,23.9,10.6,995.6,90.1,7.08,0.67,1,Critical,84.6
2023-08-31,Guwahati (Assam),28.3,59.7,86.6,29.3,4.9,1005.8,55.5,2.63,0.4,0,Low,25.4
2023-09-01,Chennai,186.1,369.5,92.5,27.2,17.6,998.1,91.9,5.91,0.45,1,Critical,83.5
2023-09-03,Thane,23.7,75.5,81.4,25.2,8.2,1006.1,58.4,3.45,0.49,0,Low,29.1
2023-09-05,Kochi (Kerala),57.1,192.8,91.1,27.3,10.0,1000.2,79.8,4.44,0.61,0,Moderate,49.0
2023-09-06,Navi Mumbai,93.2,163.0,85.9,25.0,10.5,1002.2,83.0,4.57,0.49,1,Moderate,53.6
2023-09-07,Mumbai,91.1,168.8,86.2,28.3,13.6,1001.5,76.8,4.57,0.41,0,Moderate,52.1
2023-09-08,Chennai,187.8,423.7,91.3,26.9,12.5,999.9,84.8,7.01,0.36,1,Critical,82.1
2023-09-10,Thane,296.1,843.7,98.1,25.3,17.8,990.2,93.9,8.37,0.49,1,Critical,91.9
2023-09-11,Mumbai,24.8,77.6,77.4,27.3,4.1,1002.7,64.6,2.58,0.47,0,Moderate,30.3
2023-09-12,Thane,370.0,840.4,95.1,24.6,25.6,993.6,98.6,10.97,0.48,1,Critical,93.7
2023-09-14,Chennai,93.5,209.3,94.0,24.1,8.8,997.5,75.9,4.47,0.47,1,Moderate,57.4
2023-09-15,Chennai,232.9,697.6,98.2,23.1,18.3,996.0,98.6,10.65,0.35,1,Critical,94.3
2023-09-17,Guwahati (Assam),100.0,224.7,92.9,24.1,13.7,1004.3,78.6,5.44,0.35,0,Moderate,58.4
2023-09-19,Navi Mumbai,23.1,54.8,76.6,29.0,4.1,1003.7,66.8,2.88,0.5,0,Moderate,30.4
2023-09-20,Guwahati (Assam),386.2,646.2,95.1,23.1,27.7,984.5,95.0,9.72,0.35,1,Critical,94.9
2023-09-22,Navi Mumbai,54.1,116.9,88.7,25.8,7.1,1007.6,85.5,5.5,0.47,0,Moderate,45.5
2023-09-24,Chennai,18.8,59.3,78.6,25.8,6.3,1005.4,57.6,3.55,0.48,0,Moderate,33.6
2023-09-25,Mumbai,58.1,129.3,89.8,28.4,6.8,1004.9,73.0,5.58,0.33,0,Moderate,48.0
2023-09-26,Chennai,139.8,301.4,92.4,27.0,16.5,1000.1,90.7,7.34,0.28,1,High,78.3
2023-09-27,Kochi (Kerala),28.8,80.1,79.0,28.2,8.9,1004.3,65.3,3.02,0.58,0,Moderate,31.9
2023-09-29,Raigad,341.1,714.9,97.9,22.5,18.3,991.5,98.9,9.98,0.52,1,Critical,95.3
2023-10-01,Chennai,182.2,343.1,97.4,25.5,16.3,994.9,93.6,5.78,0.44,1,Critical,81.8
2023-10-02,Chennai,84.0,211.1,89.2,25.7,13.4,1001.4,72.5,5.54,0.44,0,Moderate,56.3
2023-10-03,Guwahati (Assam),0.2,1.9,64.3,32.3,4.5,1013.7,40.0,1.26,0.33,0,Low,14.8
2023-10-05,Guwahati (Assam),23.9,31.7,65.6,26.2,7.2,1007.9,51.0,2.3,0.32,0,Low,25.0
2023-10-07,Kochi (Kerala),0.3,2.6,60.2,31.9,4.9,1011.6,17.5,0.86,0.66,0,Low,7.9
2023-10-08,Navi Mumbai,0.1,1.2,52.6,36.1,5.5,1012.2,35.3,2.15,0.56,0,Low,12.0
2023-10-09,Thane,0.8,2.9,46.6,30.5,3.8,1014.0,41.0,2.08,0.49,0,Low,14.9
2023-10-11,Chennai,131.3,327.6,96.1,27.0,17.1,1003.1,86.0,6.88,0.41,1,High,71.7
2023-10-12,Mumbai,2.8,3.4,44.4,36.6,3.0,1012.8,20.1,1.11,0.44,0,Low,9.8
2023-10-13,Mumbai,3.7,5.1,48.2,34.8,1.8,1014.7,17.4,1.61,0.44,0,Low,15.6
2023-10-15,Guwahati (Assam),3.7,4.7,54.7,32.5,5.4,1014.2,22.2,0.85,0.35,0,Low,10.5
2023-10-16,Raigad,0.6,1.1,54.3,31.1,4.1,1014.1,15.4,0.61,0.47,0,Low,9.3
2023-10-18,Mumbai,30.4,48.7,68.7,29.4,6.8,1007.3,49.5,1.99,0.41,0,Low,21.5
2023-10-20,Chennai,130.2,297.5,90.6,23.9,18.2,998.6,84.2,7.0,0.37,1,High,75.8
2023-10-22,Thane,1.3,1.8,63.0,32.4,4.8,1012.9,35.8,2.14,0.43,0,Low,14.5
2023-10-24,Ratnagiri,2.1,6.3,66.8,30.9,4.7,1015.7,20.7,1.43,0.45,0,Low,11.9
2023-10-25,Ratnagiri,4.0,4.3,55.9,33.3,2.0,1013.9,20.1,1.86,0.55,0,Low,8.9
2023-10-26,Kochi (Kerala),2.1,2.8,35.7,32.9,5.3,1009.8,25.6,1.21,0.64,0,Low,11.1
2023-10-27,Thane,34.4,49.7,78.4,30.2,6.7,1006.5,55.2,2.22,0.57,0,Low,24.3
2023-10-29,Chennai,180.4,315.9,96.6,25.7,11.7,999.3,89.4,6.15,0.32,1,High,77.1
2023-10-30,Ratnagiri,0.1,8.6,36.0,34.0,3.0,1009.8,33.2,1.74,0.53,0,Low,15.3
2023-10-31,Navi Mumbai,1.6,2.3,36.0,31.7,3.2,1013.2,27.6,1.7,0.52,0,Low,8.9
2023-11-02,Kochi (Kerala),11.5,26.8,73.5,28.1,6.5,1004.1,49.2,2.69,0.59,0,Low,27.6
2023-11-03,Raigad,0.2,0.5,56.1,35.9,3.1,1014.4,19.6,1.79,0.44,0,Low,15.0
2023-11-05,Ratnagiri,10.4,17.0,66.4,30.3,3.3,1000.6,44.8,3.02,0.62,0,Low,22.0
2023-11-07,Mumbai,2.2,2.3,57.2,35.3,5.2,1010.4,38.7,1.04,0.43,0,Low,11.2
2023-11-08,Navi Mumbai,0.4,0.6,45.4,35.9,2.9,1008.7,27.4,2.15,0.56,0,Low,17.5
2023-11-09,Kochi (Kerala),0.8,0.9,51.1,35.3,1.9,1009.6,16.9,0.76,0.7,0,Low,10.6
2023-11-11,Raigad,1.2,2.5,64.3,34.9,4.7,1013.5,27.4,1.97,0.55,0,Low,15.1
2023-11-13,Chennai,146.1,282.8,90.6,23.7,12.2,996.8,88.9,7.11,0.43,1,High,75.6
2023-11-15,Guwahati (Assam),23.0,35.8,73.1,29.1,3.0,1009.8,42.5,3.05,0.36,0,Low,22.7
2023-11-17,Mumbai,1.1,1.5,61.6,36.0,4.9,1012.9,26.7,1.79,0.45,0,Low,12.5
2023-11-19,Navi Mumbai,8.1,8.3,63.2,32.3,4.8,1012.9,19.1,0.64,0.63,0,Low,9.7
2023-11-20,Ratnagiri,1.0,4.5,59.1,29.9,5.3,1012.0,16.6,2.03,0.66,0,Low,12.2
2023-11-22,Chennai,73.2,146.9,87.6,24.9,7.6,1002.9,83.2,5.02,0.3,0,Moderate,50.8
2023-11-24,Mumbai,1.8,4.0,49.8,34.2,1.8,1014.1,38.2,1.82,0.46,0,Low,14.4
2023-11-26,Navi Mumbai,0.0,0.5,37.1,35.0,4.5,1016.3,19.2,1.6,0.51,0,Low,10.8
2023-11-27,Kochi (Kerala),0.2,0.6,41.7,30.1,2.4,1011.8,25.7,1.61,0.76,0,Low,12.1
2023-11-29,Thane,1.9,2.2,36.6,35.9,1.8,1014.9,41.6,2.01,0.46,0,Low,16.6
2023-12-01,Ratnagiri,0.5,0.8,39.6,29.2,2.0,1010.0,21.5,1.02,0.51,0,Low,11.0
2023-12-03,Ratnagiri,6.6,7.5,50.1,30.9,2.2,1012.0,20.0,1.12,0.63,0,Low,8.4
2023-12-04,Ratnagiri,16.8,27.1,66.4,28.6,7.9,1006.3,45.2,3.03,0.59,0,Low,23.4
2023-12-05,Ratnagiri,2.9,3.1,50.3,36.9,4.6,1013.3,35.5,1.39,0.66,0,Low,11.3
2023-12-07,Ratnagiri,0.5,0.6,65.9,33.3,2.7,1014.3,19.0,1.91,0.62,0,Low,12.7
2023-12-08,Navi Mumbai,26.1,36.6,69.6,26.1,7.2,1009.6,49.1,2.54,0.57,0,Low,21.1
2023-12-09,Guwahati (Assam),0.1,3.2,52.5,28.3,1.7,1011.5,31.5,1.87,0.35,0,Low,18.2
2023-12-11,Mumbai,2.4,4.3,42.4,33.5,4.0,1014.0,41.2,0.84,0.35,0,Low,14.3
2023-12-13,Kochi (Kerala),26.8,33.3,70.7,30.6,6.5,1010.6,38.9,2.57,0.65,0,Low,21.8
2023-12-15,Raigad,0.9,3.0,46.2,30.9,3.2,1013.0,24.4,1.18,0.46,0,Low,10.5
2023-12-17,Raigad,1.2,7.5,64.3,29.5,3.4,1014.5,41.2,1.13,0.5,0,Low,9.4
2023-12-18,Thane,0.2,2.9,60.4,36.7,4.6,1013.7,30.8,0.87,0.46,0,Low,10.2
2023-12-20,Chennai,457.0,998.2,95.6,23.0,16.0,981.9,96.2,7.55,0.43,1,Critical,92.0
2023-12-22,Mumbai,0.8,0.9,62.6,29.9,2.8,1013.3,20.9,0.62,0.44,0,Low,11.6
2023-12-24,Thane,29.2,40.9,70.2,28.7,6.7,1012.8,57.8,1.87,0.44,0,Low,22.6
2023-12-26,Guwahati (Assam),0.9,5.2,46.9,36.4,4.0,1012.0,25.6,0.79,0.35,0,Low,10.9
2023-12-27,Mumbai,4.7,5.8,60.9,36.5,5.0,1011.3,20.6,1.34,0.28,0,Low,13.0
2023-12-29,Navi Mumbai,0.7,4.2,49.9,32.7,5.4,1012.5,35.9,0.76,0.47,0,Low,8.8
2023-12-30,Raigad,3.0,3.8,45.9,33.4,2.2,1013.7,22.7,1.21,0.43,0,Low,12.3
2024-01-01,Ratnagiri,1.4,3.1,56.6,30.8,2.0,1013.7,21.9,1.19,0.49,0,Low,12.1
2024-01-03,Kochi (Kerala),1.6,1.7,58.8,28.6,3.4,1012.2,37.3,1.27,0.81,0,Low,9.2
2024-01-04,Chennai,0.8,1.2,66.1,32.8,4.9,1009.9,41.6,1.39,0.42,0,Low,12.0
2024-01-06,Kochi (Kerala),22.0,27.6,71.9,28.5,6.9,1007.8,45.8,3.18,0.63,0,Low,23.4
2024-01-08,Raigad,0.1,2.7,67.8,35.4,3.7,1015.0,40.3,2.18,0.44,0,Low,14.5
2024-01-09,Thane,0.1,0.7,60.3,35.7,4.6,1011.2,32.0,1.37,0.46,0,Low,11.1
2024-01-10,Raigad,2.8,5.1,58.0,32.8,5.0,1011.2,36.0,1.34,0.58,0,Low,9.0
2024-01-11,Chennai,0.7,5.1,50.3,32.6,2.8,1014.1,22.5,1.62,0.38,0,Low,11.8
2024-01-13,Thane,1.8,3.6,41.1,30.5,3.1,1014.4,29.4,1.81,0.51,0,Low,14.6
2024-01-15,Thane,2.3,3.1,64.1,33.5,4.8,1015.2,29.7,0.87,0.51,0,Low,6.3
2024-01-17,Kochi (Kerala),1.8,3.1,62.6,34.1,4.2,1013.4,23.9,1.41,0.69,0,Low,11.1
2024-01-19,Mumbai,0.2,1.8,56.4,31.5,3.5,1010.3,38.6,0.68,0.46,0,Low,10.1
2024-01-20,Thane,0.1,0.5,60.2,31.6,5.0,1011.7,34.4,0.69,0.5,0,Low,10.4
2024-01-22,Raigad,0.6,3.5,66.5,31.3,4.8,1013.4,20.2,1.87,0.47,0,Low,11.3
2024-01-24,Navi Mumbai,0.5,0.8,47.6,29.8,4.1,1017.2,39.7,1.36,0.58,0,Low,12.7
2024-01-26,Raigad,0.5,0.6,48.5,28.5,3.7,1017.5,23.3,1.41,0.42,0,Low,14.1
2024-01-28,Raigad,0.2,1.1,43.3,36.2,4.9,1013.8,40.1,2.09,0.42,0,Low,18.5
2024-01-30,Navi Mumbai,23.5,28.8,65.9,31.3,7.3,1006.7,45.9,3.05,0.57,0,Low,25.9
2024-01-31,Ratnagiri,20.7,27.4,71.5,28.7,5.8,1007.2,49.6,2.55,0.62,0,Low,20.9
2024-02-02,Raigad,1.1,3.0,58.9,28.2,3.8,1011.8,38.9,0.53,0.57,0,Low,10.8
2024-02-04,Guwahati (Assam),18.8,30.7,79.7,27.2,3.3,1012.8,56.4,2.83,0.34,0,Low,19.5
2024-02-06,Chennai,3.4,9.7,64.0,33.2,3.3,1012.4,35.9,1.76,0.46,0,Low,12.4
2024-02-07,Thane,3.9,5.1,47.0,33.7,4.2,1013.5,22.8,0.82,0.48,0,Low,9.4
2024-02-09,Kochi (Kerala),5.0,8.3,66.0,29.3,1.8,1011.2,30.1,0.99,0.73,0,Low,11.2
2024-02-10,Chennai,5.3,5.9,51.0,32.5,2.5,1009.8,27.1,1.12,0.45,0,Low,17.3
2024-02-11,Kochi (Kerala),0.6,0.6,45.2,30.5,3.1,1011.8,18.6,1.36,0.65,0,Low,11.8
2024-02-13,Raigad,2.4,3.6,52.1,35.3,3.2,1011.4,26.3,1.79,0.57,0,Low,16.1
2024-02-15,Chennai,15.6,26.0,68.5,29.5,7.0,1006.5,55.3,2.31,0.37,0,Low,25.0
2024-02-17,Kochi (Kerala),0.8,4.4,59.1,34.7,2.3,1014.8,28.6,1.66,0.66,0,Low,10.6
2024-02-18,Thane,0.5,2.2,39.1,34.2,4.4,1013.1,16.2,1.65,0.54,0,Low,8.9
2024-02-20,Ratnagiri,20.5,28.4,71.2,28.3,6.7,1010.3,38.5,3.1,0.59,0,Low,22.9
2024-02-21,Navi Mumbai,1.3,2.6,48.9,36.0,3.2,1013.6,17.0,2.11,0.52,0,Low,13.2
2024-02-22,Navi Mumbai,0.9,1.1,61.1,28.7,1.8,1010.0,15.2,1.22,0.58,0,Low,12.0
2024-02-23,Guwahati (Assam),0.1,0.6,58.6,35.3,3.3,1012.3,28.7,0.56,0.34,0,Low,11.1
2024-02-24,Chennai,1.2,3.9,55.0,31.5,2.0,1011.3,34.9,1.37,0.39,0,Low,15.8
2024-02-25,Thane,3.8,5.3,51.9,30.4,5.2,1013.0,27.4,0.72,0.5,0,Low,8.1
2024-02-27,Chennai,1.0,2.6,46.1,28.6,5.3,1013.7,24.9,1.79,0.39,0,Low,14.0
2024-02-29,Raigad,0.2,1.0,39.5,37.0,1.7,1012.4,26.9,1.27,0.43,0,Low,12.5
2024-03-01,Thane,0.2,3.3,46.0,33.3,4.4,1009.4,28.6,1.81,0.39,0,Low,17.6
2024-03-03,Kochi (Kerala),20.8,30.8,71.2,29.6,8.0,1007.6,48.8,2.09,0.72,0,Low,23.1
2024-03-05,Guwahati (Assam),0.3,2.7,59.5,30.3,2.9,1011.9,36.4,1.81,0.46,0,Low,16.7
2024-03-06,Thane,4.2,5.9,42.8,31.6,4.5,1013.3,32.6,0.8,0.52,0,Low,10.0
2024-03-08,Guwahati (Assam),0.4,1.8,59.6,33.1,1.8,1011.4,22.0,1.46,0.33,0,Low,13.0
2024-03-10,Raigad,0.1,0.5,67.5,32.2,5.0,1012.5,37.9,1.37,0.43,0,Low,11.0
2024-03-11,Ratnagiri,1.7,2.3,62.5,28.8,4.6,1014.6,28.2,1.12,0.63,0,Low,7.3
2024-03-13,Kochi (Kerala),0.1,5.1,55.1,35.3,3.0,1012.8,27.7,1.98,0.67,0,Low,13.4
2024-03-14,Raigad,0.0,0.3,56.2,34.5,3.8,1012.2,24.6,1.34,0.38,0,Low,10.5
2024-03-16,Thane,0.1,4.5,50.6,34.7,2.1,1013.4,33.1,0.9,0.5,0,Low,9.3
2024-03-18,Mumbai,13.8,20.2,68.6,26.6,6.5,1009.2,41.1,3.12,0.45,0,Low,20.4
2024-03-20,Guwahati (Assam),4.0,5.5,36.4,31.1,1.8,1012.7,25.6,1.64,0.33,0,Low,8.9
2024-03-22,Chennai,0.2,0.8,38.3,35.3,2.0,1009.1,21.1,1.59,0.37,0,Low,16.0
2024-03-24,Mumbai,1.3,2.7,45.0,33.0,4.2,1010.5,15.7,1.29,0.34,0,Low,15.6
2024-03-26,Chennai,3.2,3.3,48.8,33.2,2.1,1014.0,39.4,0.51,0.41,0,Low,11.8
2024-03-28,Chennai,1.7,6.2,36.9,33.4,3.8,1011.5,16.0,1.37,0.43,0,Low,9.7
2024-03-30,Navi Mumbai,0.5,2.5,50.5,35.7,2.9,1011.7,15.7,0.97,0.57,0,Low,10.5
2024-04-01,Raigad,1.9,9.9,58.5,31.8,4.3,1011.4,42.0,1.71,0.54,0,Low,14.3
2024-04-03,Raigad,2.9,9.1,42.0,32.5,4.2,1013.7,22.0,1.07,0.47,0,Low,7.9
2024-04-04,Navi Mumbai,0.9,2.3,44.9,29.4,1.7,1007.4,20.3,1.49,0.61,0,Low,11.3
2024-04-06,Navi Mumbai,0.2,3.0,45.1,36.6,4.4,1010.1,29.1,0.63,0.57,0,Low,7.5
2024-04-08,Raigad,0.0,2.2,49.0,32.6,2.4,1015.6,29.9,2.16,0.5,0,Low,12.6
2024-04-09,Mumbai,0.4,1.0,47.5,35.4,5.2,1012.9,32.2,1.39,0.43,0,Low,9.0
2024-04-10,Mumbai,22.2,33.2,76.9,30.6,3.7,1008.3,39.9,3.07,0.38,0,Low,26.0
2024-04-12,Raigad,0.1,1.6,52.8,35.7,1.9,1011.5,38.4,2.1,0.51,0,Low,10.7
2024-04-13,Guwahati (Assam),2.7,7.2,41.2,33.6,5.2,1010.6,27.5,0.68,0.33,0,Low,7.7
2024-04-14,Thane,1.3,2.5,35.6,36.9,3.7,1013.7,19.2,0.82,0.44,0,Low,9.6
2024-04-16,Kochi (Kerala),2.4,3.0,36.1,32.7,2.3,1014.1,35.5,1.59,0.62,0,Low,11.0
2024-04-18,Guwahati (Assam),1.5,3.7,62.5,33.2,3.4,1009.7,19.9,1.55,0.32,0,Low,17.4
2024-04-20,Mumbai,0.0,1.9,47.0,34.8,3.0,1012.3,28.1,1.19,0.44,0,Low,8.8
2024-04-21,Thane,5.0,10.5,63.0,36.3,3.3,1015.8,33.8,2.01,0.55,0,Low,14.2
2024-04-22,Chennai,1.8,4.2,45.8,35.1,5.1,1011.6,20.9,1.56,0.45,0,Low,9.6
2024-04-23,Thane,19.5,34.3,66.1,29.6,7.7,1009.9,38.5,2.13,0.47,0,Low,18.3
2024-04-25,Raigad,2.3,5.0,36.7,36.0,2.4,1015.5,29.9,1.6,0.52,0,Low,9.7
2024-04-26,Navi Mumbai,4.2,6.0,58.1,32.7,4.8,1010.9,34.1,1.17,0.55,0,Low,11.9
2024-04-27,Guwahati (Assam),0.8,2.5,42.5,33.6,1.5,1013.5,28.2,1.6,0.39,0,Low,12.0
2024-04-28,Mumbai,2.2,4.0,65.6,31.6,2.8,1012.2,15.1,1.18,0.49,0,Low,14.4
2024-04-29,Navi Mumbai,1.7,3.0,36.3,33.9,4.9,1010.2,34.4,1.91,0.57,0,Low,12.9
2024-05-01,Raigad,0.6,0.6,62.8,36.5,4.1,1011.0,27.6,2.03,0.49,0,Low,12.7
2024-05-02,Mumbai,0.5,3.8,65.4,31.8,3.0,1011.9,36.7,1.4,0.46,0,Low,14.9
2024-05-03,Raigad,0.2,3.9,41.5,36.4,2.5,1010.7,23.6,1.03,0.58,0,Low,12.0
2024-05-04,Mumbai,32.1,41.7,75.4,30.5,3.8,1013.0,46.8,2.48,0.47,0,Low,19.9
2024-05-06,Ratnagiri,1.7,2.2,58.4,36.4,3.8,1011.2,38.3,0.99,0.54,0,Low,11.5
2024-05-08,Thane,1.4,4.0,49.7,28.5,4.7,1012.6,15.9,1.69,0.49,0,Low,12.5
2024-05-09,Chennai,1.4,2.6,46.2,32.2,2.7,1008.5,30.3,0.9,0.34,0,Low,11.6
2024-05-11,Mumbai,0.3,1.6,63.6,28.2,4.2,1013.1,29.8,0.79,0.45,0,Low,9.9
2024-05-13,Thane,0.5,4.0,56.1,36.1,4.0,1013.9,16.5,1.82,0.54,0,Low,13.2
2024-05-14,Ratnagiri,1.1,1.3,59.3,32.9,5.3,1012.8,19.9,1.53,0.57,0,Low,12.5
2024-05-15,Kochi (Kerala),1.9,4.5,61.9,35.7,1.8,1015.1,28.5,0.82,0.59,0,Low,7.5
2024-05-16,Thane,0.7,4.0,48.5,28.2,1.7,1015.0,38.1,2.13,0.37,0,Low,12.2
2024-05-18,Ratnagiri,33.5,48.4,77.7,30.6,4.9,1005.6,44.4,2.89,0.67,0,Low,24.4
2024-05-20,Kochi (Kerala),0.9,1.1,36.9,31.4,3.4,1013.6,31.4,0.51,0.67,0,Low,6.8
2024-05-22,Mumbai,0.2,3.4,58.4,32.7,3.6,1013.0,39.6,0.66,0.51,0,Low,8.4
2024-05-24,Thane,17.1,31.9,73.0,29.6,5.1,1008.3,44.6,1.87,0.5,0,Low,21.5
2024-05-26,Guwahati (Assam),1.7,3.8,43.0,28.2,4.7,1008.6,17.8,0.61,0.39,0,Low,11.8
2024-05-27,Guwahati (Assam),3.8,8.3,65.4,36.2,3.6,1011.4,20.9,1.86,0.41,0,Low,14.0
2024-05-29,Kochi (Kerala),0.4,1.8,45.6,29.4,3.3,1012.9,38.7,0.83,0.61,0,Low,10.6
2024-05-30,Raigad,0.9,3.1,61.2,34.8,5.3,1010.1,25.8,0.85,0.51,0,Low,9.6
2024-06-01,Thane,23.7,52.0,80.2,25.6,4.2,1008.8,69.2,3.49,0.49,0,Moderate,35.0
2024-06-03,Raigad,57.1,184.5,91.5,24.9,8.7,1001.2,85.5,5.07,0.48,0,Moderate,51.4
2024-06-04,Chennai,266.7,745.4,98.1,25.1,22.2,997.2,94.0,8.81,0.44,1,Critical,91.3
2024-06-05,Kochi (Kerala),80.0,196.2,94.0,26.0,9.4,1005.1,83.8,5.45,0.63,1,Moderate,53.0
2024-06-06,Chennai,67.8,176.5,92.8,28.0,6.9,999.6,85.7,5.22,0.49,0,Moderate,49.9
2024-06-07,Guwahati (Assam),160.2,293.7,96.7,26.4,14.1,997.8,88.3,7.56,0.33,1,High,77.7
2024-06-08,Kochi (Kerala),43.2,95.6,85.7,26.0,4.8,1004.2,69.6,2.88,0.61,0,Moderate,36.9
2024-06-09,Navi Mumbai,276.1,620.3,95.8,22.5,21.4,990.8,94.8,10.07,0.56,1,Critical,92.2
2024-06-10,Thane,218.7,642.9,94.3,24.8,23.9,993.0,98.8,10.51,0.55,1,Critical,91.0
2024-06-11,Ratnagiri,100.3,186.0,92.2,24.0,6.0,998.3,82.6,5.37,0.64,1,Moderate,57.2
2024-06-13,Chennai,99.7,173.9,90.8,26.4,6.7,1003.5,83.9,5.27,0.38,0,Moderate,54.1
2024-06-14,Raigad,66.4,135.9,88.1,24.1,7.7,1009.6,78.1,4.75,0.5,0,Moderate,45.9
2024-06-15,Navi Mumbai,358.4,604.2,99.7,22.4,26.1,996.1,95.0,7.76,0.52,1,Critical,88.2
2024-06-17,Ratnagiri,316.2,607.9,98.6,25.5,27.0,990.4,94.8,9.37,0.69,1,Critical,88.2
2024-06-19,Navi Mumbai,175.1,342.7,93.4,24.8,16.4,998.8,88.7,7.29,0.51,1,Critical,81.7
2024-06-21,Mumbai,55.3,118.3,88.6,27.7,8.5,1003.5,77.4,5.64,0.42,0,Moderate,49.9
2024-06-23,Chennai,136.3,272.7,90.1,23.5,12.6,995.7,85.4,5.92,0.45,1,High,70.6
2024-06-24,Raigad,159.1,314.2,93.0,23.4,12.0,1002.9,93.0,7.75,0.57,1,High,78.7
2024-06-25,Navi Mumbai,383.5,614.5,100.0,22.4,23.9,988.6,96.8,9.12,0.56,1,Critical,90.6
2024-06-26,Navi Mumbai,142.3,396.6,96.4,25.1,11.8,994.2,92.1,5.86,0.51,1,High,76.5
2024-06-27,Ratnagiri,98.4,168.9,85.2,26.2,8.2,998.7,78.1,4.2,0.54,1,Moderate,57.7
2024-06-29,Thane,185.9,338.8,90.9,23.2,15.5,997.1,91.2,6.36,0.49,1,Critical,83.1
2024-07-01,Kochi (Kerala),189.8,318.9,91.5,23.3,17.8,999.1,84.8,6.13,0.7,1,High,78.2
2024-07-02,Navi Mumbai,135.6,265.8,95.8,24.3,14.1,992.3,85.3,7.35,0.58,1,High,75.8
2024-07-03,Kochi (Kerala),77.3,212.6,92.9,26.6,13.5,999.9,72.6,5.06,0.66,0,Moderate,49.0
2024-07-05,Guwahati (Assam),250.5,617.1,95.1,25.0,17.1,993.8,98.8,8.35,0.4,1,Critical,94.8
2024-07-07,Kochi (Kerala),75.2,137.1,88.9,24.4,13.9,998.7,79.9,4.14,0.63,0,Moderate,49.9
2024-07-09,Chennai,141.1,266.0,95.2,25.4,14.1,1000.7,93.1,5.89,0.38,1,High,67.6
2024-07-11,Ratnagiri,129.4,354.4,91.6,26.1,13.1,1000.4,84.4,6.65,0.6,0,High,71.0
2024-07-13,Raigad,284.8,636.0,98.1,26.0,15.5,995.1,92.5,8.7,0.51,1,Critical,88.6
2024-07-15,Guwahati (Assam),21.6,49.4,76.7,29.7,4.8,1004.4,73.7,3.63,0.31,0,Moderate,34.8
2024-07-17,Mumbai,96.0,188.7,86.6,26.6,12.6,1003.5,82.9,5.6,0.44,0,Moderate,57.1
2024-07-18,Raigad,98.4,170.8,92.6,25.5,8.9,1002.8,84.4,4.05,0.5,1,Moderate,53.3
2024-07-19,Kochi (Kerala),144.7,288.9,92.0,26.9,13.9,997.7,86.7,6.86,0.63,0,High,71.4
2024-07-20,Raigad,31.4,60.9,83.8,27.5,8.2,1002.9,58.0,3.72,0.47,0,Moderate,31.4
2024-07-22,Guwahati (Assam),31.1,53.5,82.2,29.0,7.2,1010.0,60.3,3.5,0.35,0,Moderate,33.0
2024-07-24,Raigad,341.6,687.4,98.3,26.0,15.1,991.1,97.3,10.67,0.39,1,Critical,95.7
2024-07-25,Ratnagiri,20.3,46.7,83.5,29.4,8.9,1005.7,67.9,3.29,0.66,0,Moderate,32.4
2024-07-26,Raigad,79.3,188.0,87.9,28.3,10.6,1007.7,82.4,5.63,0.46,0,Moderate,54.8
2024-07-27,Ratnagiri,193.0,344.1,93.8,23.3,14.7,997.9,87.8,5.6,0.58,1,High,75.9
2024-07-29,Thane,477.3,765.9,97.3,26.4,25.3,998.3,92.8,9.13,0.4,1,Critical,89.8
2024-07-31,Navi Mumbai,36.1,85.9,78.3,29.4,6.5,1009.5,59.2,3.8,0.55,0,Moderate,35.0
2024-08-01,Chennai,158.8,332.3,96.5,25.6,13.5,1002.4,93.2,5.85,0.38,0,High,72.9
2024-08-03,Kochi (Kerala),414.5,808.0,97.7,25.4,25.9,992.5,97.7,8.81,0.73,1,Critical,90.2
2024-08-05,Chennai,244.5,504.6,95.7,22.2,24.0,992.9,99.2,10.74,0.39,1,Critical,90.6
2024-08-06,Navi Mumbai,136.2,266.9,96.2,23.3,15.0,998.4,86.5,6.06,0.54,1,High,69.7
2024-08-08,Mumbai,41.1,86.9,87.3,26.4,7.3,1003.8,72.6,3.97,0.51,0,Moderate,42.7
2024-08-10,Mumbai,76.0,204.2,90.5,24.2,10.3,1002.6,72.2,5.4,0.33,1,Moderate,53.5
2024-08-11,Ratnagiri,39.0,60.9,77.1,27.0,5.3,1005.5,60.9,2.85,0.5,0,Moderate,32.5
2024-08-13,Chennai,133.9,306.7,94.1,25.4,18.0,1001.0,87.8,7.59,0.43,1,High,77.7
2024-08-14,Navi Mumbai,101.2,233.8,84.6,24.9,9.8,1008.4,85.2,4.2,0.53,0,Moderate,52.2
2024-08-15,Thane,99.2,236.4,88.8,24.5,12.3,1002.4,81.8,4.64,0.41,1,High,62.0
2024-08-17,Mumbai,23.9,67.3,80.7,26.5,4.4,1004.1,65.8,3.4,0.54,0,Moderate,31.5
2024-08-19,Chennai,148.7,385.5,93.8,27.4,14.0,1002.8,90.5,5.62,0.32,1,High,77.3
2024-08-21,Thane,101.8,241.6,86.8,26.6,9.6,999.7,84.0,5.64,0.5,1,High,62.1
2024-08-22,Ratnagiri,19.2,66.6,79.1,29.5,7.7,1005.0,67.9,3.34,0.51,0,Moderate,36.0
2024-08-24,Raigad,53.1,163.6,91.6,27.5,12.2,1002.6,81.6,4.61,0.52,0,Moderate,49.0
2024-08-25,Navi Mumbai,141.1,351.5,91.0,26.2,18.8,997.7,92.0,7.48,0.41,1,High,76.4
2024-08-26,Kochi (Kerala),78.4,142.1,93.5,24.6,13.2,1000.3,82.0,5.0,0.59,0,Moderate,54.0
2024-08-28,Mumbai,30.0,74.2,78.9,26.0,7.0,1005.1,63.8,3.09,0.53,0,Moderate,34.5
2024-08-30,Kochi (Kerala),118.7,286.1,93.3,23.4,12.1,996.8,84.2,7.15,0.7,1,High,69.2
2024-08-31,Ratnagiri,188.9,392.8,91.5,26.5,18.6,997.0,89.8,7.07,0.67,1,Critical,80.6
2024-09-01,Thane,37.0,94.1,83.2,28.9,4.9,1006.4,58.5,3.45,0.4,0,Moderate,31.4
2024-09-02,Mumbai,428.2,801.2,95.1,24.9,27.9,988.4,96.7,7.63,0.5,1,Critical,94.0
2024-09-04,Thane,40.3,70.6,79.2,26.2,9.0,1011.4,63.3,3.45,0.45,0,Moderate,32.4
2024-09-06,Navi Mumbai,84.9,192.2,86.9,24.7,8.9,999.9,77.8,5.13,0.47,1,Moderate,53.6
2024-09-07,Ratnagiri,30.1,67.3,84.5,26.2,7.3,1005.5,59.0,2.51,0.57,0,Low,29.5
2024-09-09,Raigad,130.0,339.2,96.0,27.2,15.8,998.5,93.7,6.29,0.52,0,High,74.8
2024-09-11,Mumbai,71.1,131.2,91.3,27.4,12.0,1003.9,77.0,4.03,0.35,0,Moderate,43.7
2024-09-13,Mumbai,17.4,67.6,75.1,29.8,6.8,1006.4,74.7,2.59,0.4,0,Low,28.7
2024-09-14,Raigad,182.5,353.1,92.1,26.9,13.4,997.9,90.5,6.09,0.55,1,High,78.8
2024-09-16,Mumbai,162.0,387.9,93.3,24.9,10.8,997.7,86.0,5.86,0.42,1,Critical,83.2
2024-09-17,Mumbai,102.2,168.1,90.0,26.4,10.1,1002.2,72.6,5.21,0.36,1,Moderate,56.3
2024-09-18,Kochi (Kerala),33.5,60.4,80.4,27.4,6.5,1003.3,74.5,2.57,0.61,0,Moderate,33.6
2024-09-19,Chennai,424.8,786.8,96.7,26.0,26.6,988.3,95.7,10.83,0.43,1,Critical,93.2
2024-09-21,Navi Mumbai,88.9,211.2,89.6,25.8,13.7,999.3,80.6,5.31,0.61,0,Moderate,59.0
2024-09-22,Navi Mumbai,22.7,52.5,84.3,27.6,7.8,1007.6,63.9,3.4,0.49,0,Low,27.8
2024-09-23,Guwahati (Assam),39.2,69.6,78.9,28.3,7.8,1003.5,69.1,3.52,0.4,0,Moderate,34.4
2024-09-25,Raigad,64.0,136.5,90.9,24.4,13.5,1003.7,84.7,4.74,0.42,0,Moderate,50.8
2024-09-26,Thane,51.2,174.0,84.7,28.4,11.4,1003.6,82.5,4.44,0.47,0,Moderate,47.5
2024-09-28,Kochi (Kerala),182.0,325.7,95.6,24.0,10.6,993.9,91.3,6.05,0.66,1,High,78.7
2024-09-29,Raigad,137.8,310.7,96.5,23.8,10.7,991.9,87.3,6.48,0.54,0,High,70.5
2024-10-01,Mumbai,2.3,2.4,49.2,31.4,4.1,1012.5,41.6,1.01,0.49,0,Low,12.2
2024-10-03,Kochi (Kerala),0.2,1.3,46.2,29.1,2.7,1010.7,38.9,1.01,0.57,0,Low,11.8
2024-10-05,Navi Mumbai,0.8,1.3,47.2,33.3,2.9,1011.8,38.8,1.25,0.63,0,Low,9.4
2024-10-07,Ratnagiri,3.1,4.7,50.9,36.3,4.4,1017.2,18.0,0.8,0.59,0,Low,10.3
2024-10-09,Thane,23.6,36.9,74.5,28.6,6.4,1010.8,45.0,2.03,0.5,0,Low,23.0
2024-10-11,Kochi (Kerala),1.5,2.5,55.2,35.3,1.6,1010.5,27.2,1.79,0.74,0,Low,15.3
2024-10-12,Ratnagiri,1.1,10.7,36.8,32.4,1.9,1011.8,19.2,2.14,0.63,0,Low,9.8
2024-10-13,Ratnagiri,1.5,3.0,61.9,33.6,1.5,1013.3,35.6,1.77,0.59,0,Low,13.8
2024-10-15,Thane,32.7,45.6,74.1,32.0,4.5,1006.5,57.7,2.84,0.48,0,Low,27.8
2024-10-16,Thane,0.1,1.5,58.1,32.9,4.2,1013.4,37.1,1.14,0.51,0,Low,10.2
2024-10-17,Navi Mumbai,0.5,0.6,47.0,31.4,4.7,1010.9,32.6,0.59,0.56,0,Low,13.1
2024-10-18,Thane,1.5,4.5,48.3,34.5,4.2,1010.2,41.0,0.87,0.5,0,Low,15.8
2024-10-20,Chennai,104.9,181.0,89.2,25.6,10.2,997.8,74.5,4.58,0.46,0,Moderate,57.7
2024-10-21,Raigad,0.8,5.5,50.9,33.2,3.5,1013.2,34.8,1.46,0.56,0,Low,9.5
2024-10-22,Navi Mumbai,1.4,2.7,38.2,31.6,3.6,1014.6,32.5,0.99,0.53,0,Low,8.4
2024-10-23,Raigad,1.0,8.5,66.3,31.2,2.1,1014.9,23.8,0.55,0.5,0,Low,10.0
2024-10-24,Ratnagiri,4.2,8.3,51.9,33.1,1.5,1011.3,38.5,1.59,0.59,0,Low,13.1
2024-10-25,Guwahati (Assam),1.5,6.1,58.7,31.1,3.8,1011.6,23.4,2.2,0.32,0,Low,17.6
2024-10-27,Guwahati (Assam),0.8,2.7,46.3,28.3,3.1,1012.9,17.3,2.0,0.42,0,Low,14.7
2024-10-29,Chennai,66.3,172.5,89.4,26.2,11.7,1000.7,76.4,5.41,0.35,0,Moderate,54.4
2024-10-30,Thane,1.6,3.9,50.9,34.0,1.8,1013.0,35.0,0.63,0.45,0,Low,7.8
2024-10-31,Chennai,410.2,738.6,97.0,26.1,27.4,1000.3,99.0,8.47,0.38,1,Critical,89.5
2024-11-01,Chennai,150.3,314.3,93.0,25.8,16.9,1000.5,84.3,5.61,0.35,0,High,73.1
2024-11-02,Ratnagiri,1.3,1.4,43.4,33.7,4.9,1015.4,39.8,1.35,0.61,0,Low,12.2
2024-11-04,Guwahati (Assam),1.2,2.7,64.9,35.1,5.1,1012.8,37.7,0.69,0.36,0,Low,8.8
2024-11-05,Guwahati (Assam),2.5,4.4,41.4,32.3,4.2,1013.5,32.1,1.23,0.32,0,Low,12.5
2024-11-07,Mumbai,1.1,1.2,65.4,29.6,3.6,1011.3,29.2,0.91,0.5,0,Low,12.8
2024-11-08,Chennai,97.1,228.7,90.5,27.3,10.4,1007.3,77.4,5.17,0.42,0,Moderate,55.4
2024-11-09,Mumbai,0.6,1.6,49.4,28.7,3.5,1017.8,24.8,1.54,0.49,0,Low,11.2
2024-11-10,Chennai,103.3,219.8,87.4,24.7,7.1,1003.3,74.3,4.08,0.37,0,Moderate,54.8
2024-11-11,Mumbai,1.8,5.3,61.1,35.9,5.4,1013.7,34.5,0.62,0.5,0,Low,9.9
2024-11-13,Chennai,187.5,359.7,94.7,23.1,13.0,1001.6,84.6,6.7,0.46,1,High,78.6
2024-11-15,Thane,1.1,1.6,39.0,32.6,1.8,1011.6,17.9,1.43,0.51,0,Low,11.4
2024-11-16,Mumbai,1.3,4.9,58.8,29.2,3.9,1012.7,33.2,0.56,0.43,0,Low,11.2
2024-11-17,Guwahati (Assam),2.0,4.0,57.4,35.3,4.1,1010.3,39.2,0.53,0.37,0,Low,9.1
2024-11-18,Navi Mumbai,1.8,12.0,57.7,28.3,4.8,1012.6,22.7,1.26,0.56,0,Low,9.1
2024-11-20,Thane,0.8,1.8,55.9,35.3,2.7,1013.8,33.1,2.03,0.43,0,Low,11.5
2024-11-21,Guwahati (Assam),0.1,1.2,42.5,30.3,3.5,1013.3,36.9,1.76,0.47,0,Low,13.9
2024-11-23,Ratnagiri,0.8,8.0,53.5,30.3,2.4,1013.5,15.2,1.91,0.72,0,Low,15.4
2024-11-24,Kochi (Kerala),0.1,1.0,65.9,35.8,2.6,1015.0,19.2,1.26,0.7,0,Low,12.2
2024-11-25,Navi Mumbai,5.1,6.0,37.1,36.1,1.7,1012.8,40.4,0.84,0.5,0,Low,10.8
2024-11-27,Guwahati (Assam),0.9,1.7,66.6,35.4,4.1,1011.3,19.4,1.75,0.35,0,Low,14.1
2024-11-28,Chennai,100.9,174.3,86.7,24.3,12.4,998.8,74.3,4.07,0.48,0,Moderate,55.2
2024-11-30,Thane,0.4,1.0,63.9,32.6,4.4,1010.0,16.0,1.12,0.47,0,Low,10.0
2024-12-01,Thane,13.0,31.1,79.1,26.5,4.7,1009.5,59.5,2.46,0.48,0,Low,24.6
2024-12-02,Thane,3.3,8.2,55.1,34.9,4.5,1011.5,32.9,1.91,0.46,0,Low,15.1
2024-12-04,Raigad,0.4,3.1,50.6,30.7,4.7,1013.2,19.5,1.6,0.6,0,Low,11.1
2024-12-05,Thane,12.5,27.3,76.9,28.1,7.8,1008.4,56.7,2.21,0.5,0,Low,24.2
2024-12-06,Ratnagiri,5.1,5.2,50.6,32.9,1.9,1009.5,29.5,1.62,0.58,0,Low,11.1
2024-12-07,Raigad,2.5,4.8,64.3,32.0,5.1,1013.3,38.4,1.25,0.46,0,Low,13.5
2024-12-08,Guwahati (Assam),1.9,7.2,61.3,33.5,2.0,1011.3,34.1,1.75,0.34,0,Low,14.8
2024-12-09,Guwahati (Assam),0.9,0.9,61.0,30.9,4.9,1010.4,36.7,1.62,0.3,0,Low,15.8
2024-12-11,Guwahati (Assam),0.9,1.7,63.0,32.4,4.8,1012.6,28.8,1.39,0.25,0,Low,15.2
2024-12-12,Navi Mumbai,0.1,1.8,53.8,36.2,3.6,1010.7,18.7,1.47,0.59,0,Low,11.6
2024-12-13,Raigad,0.1,1.4,65.8,34.5,1.8,1013.9,39.2,0.56,0.47,0,Low,7.8
2024-12-14,Thane,1.2,7.5,59.7,35.7,2.9,1015.1,30.0,1.55,0.49,0,Low,13.8
2024-12-15,Mumbai,15.9,23.1,70.6,30.4,7.6,1014.3,40.3,3.07,0.36,0,Low,19.3
2024-12-17,Raigad,29.9,38.7,72.9,31.8,3.4,1009.9,53.0,3.15,0.57,0,Low,27.1
2024-12-18,Mumbai,4.1,6.8,42.6,31.0,1.6,1013.1,32.1,1.1,0.43,0,Low,11.9
2024-12-19,Thane,1.9,6.8,59.1,35.5,4.5,1012.1,32.0,1.23,0.49,0,Low,12.6
2024-12-21,Thane,0.8,1.0,44.6,32.9,2.6,1012.8,19.6,1.86,0.52,0,Low,9.0
2024-12-22,Kochi (Kerala),0.2,1.0,48.5,35.3,4.6,1011.4,21.0,1.55,0.78,0,Low,9.5
2024-12-24,Raigad,1.8,5.0,58.8,34.3,5.3,1015.9,37.9,1.64,0.53,0,Low,14.6
2024-12-25,Chennai,144.7,285.3,94.0,25.1,19.0,1000.5,90.1,7.31,0.36,1,High,77.7
2024-12-27,Navi Mumbai,1.4,3.8,44.7,32.9,4.0,1014.1,39.3,2.15,0.53,0,Low,13.0
2024-12-29,Navi Mumbai,0.8,1.3,35.1,29.7,1.5,1014.0,34.4,1.22,0.52,0,Low,11.9
2024-12-30,Chennai,181.6,438.1,95.1,25.1,12.7,995.8,88.1,7.78,0.36,1,Critical,86.0
2024-12-31,Mumbai,0.7,1.9,39.9,31.6,1.9,1010.8,29.4,0.67,0.48,0,Low,10.7
2025-01-02,Navi Mumbai,1.9,3.0,47.6,28.9,3.6,1006.6,35.0,1.92,0.62,0,Low,16.7
2025-01-04,Raigad,1.5,1.7,57.9,31.4,2.0,1013.4,38.3,1.54,0.47,0,Low,11.8
2025-01-06,Kochi (Kerala),1.2,6.3,54.7,36.7,2.0,1015.2,29.2,0.65,0.65,0,Low,8.9
2025-01-07,Kochi (Kerala),2.0,4.9,60.4,34.0,2.4,1015.2,25.9,1.82,0.74,0,Low,6.7
2025-01-09,Guwahati (Assam),0.4,1.8,55.0,28.1,4.6,1013.2,26.5,1.07,0.37,0,Low,9.4
2025-01-10,Thane,0.0,7.0,61.7,34.8,4.5,1013.2,25.5,1.78,0.55,0,Low,14.0
2025-01-11,Ratnagiri,0.3,1.0,53.2,30.9,3.2,1014.8,29.1,1.12,0.59,0,Low,9.6
2025-01-12,Guwahati (Assam),1.1,3.8,39.0,30.0,3.0,1009.5,24.7,1.17,0.32,0,Low,12.2
2025-01-14,Ratnagiri,1.0,3.0,42.7,34.5,3.7,1015.2,21.6,2.0,0.65,0,Low,10.4
